pH,TDS,Turbidity,MP_Count,pH_cat,TDS_cat,Turbidity_cat,MP_cat,Risk
7.2,246.4,1.0,27,Good,Good,Moderate,Poor,High
6.5,558.5,13.4,8,Moderate,Poor,Poor,Poor,High
7.6,742.5,10.0,4,Good,Poor,Poor,Moderate,High
7.0,281.3,2.0,0,Moderate,Moderate,Moderate,Good,Medium
7.2,283.4,0.3,0,Good,Moderate,Good,Good,Low
8.5,331.6,2.9,3,Moderate,Moderate,Moderate,Moderate,Medium
7.7,236.4,3.7,2,Good,Good,Moderate,Moderate,Medium
5.8,104.5,1.6,8,Poor,Poor,Moderate,Poor,High
6.9,223.7,2.5,2,Moderate,Good,Moderate,Moderate,Medium
5.3,127.8,1.8,10,Poor,Poor,Moderate,Poor,High
7.4,241.3,0.2,2,Good,Good,Good,Moderate,Low
8.4,72.4,1.3,11,Moderate,Poor,Moderate,Poor,High
7.1,232.0,2.0,0,Good,Good,Moderate,Good,Low
9.9,654.8,8.3,6,Poor,Poor,Poor,Poor,High
7.8,184.8,0.9,0,Good,Moderate,Good,Good,Low
7.5,234.3,0.5,3,Good,Good,Good,Moderate,Low
8.3,520.8,0.4,19,Moderate,Poor,Good,Poor,High
6.8,213.9,3.0,2,Moderate,Good,Moderate,Moderate,Medium
7.9,280.4,4.4,2,Moderate,Moderate,Moderate,Moderate,Medium
7.7,210.1,1.8,0,Good,Good,Moderate,Good,Low
7.4,226.8,2.7,0,Good,Good,Moderate,Good,Low
7.1,200.9,0.7,2,Good,Good,Good,Moderate,Low
7.1,305.8,0.5,0,Good,Moderate,Good,Good,Low
8.2,216.6,4.8,3,Moderate,Good,Moderate,Moderate,Medium
8.5,519.0,7.5,5,Moderate,Poor,Poor,Moderate,High
7.4,301.5,0.3,0,Good,Moderate,Good,Good,Low
7.3,262.7,4.8,0,Good,Good,Moderate,Good,Low
5.5,662.5,10.4,21,Poor,Poor,Poor,Poor,High
7.4,150.9,4.0,1,Good,Moderate,Moderate,Moderate,Medium
7.3,212.7,2.3,0,Good,Good,Moderate,Good,Low
7.7,253.6,0.2,4,Good,Good,Good,Moderate,Low
6.9,202.0,0.7,0,Moderate,Good,Good,Good,Low
8.3,326.6,1.9,2,Moderate,Moderate,Moderate,Moderate,Medium
7.5,264.3,3.8,5,Good,Good,Moderate,Moderate,Medium
7.7,162.1,3.7,4,Good,Moderate,Moderate,Moderate,Medium
6.5,682.2,7.5,25,Moderate,Poor,Poor,Poor,High
6.5,188.4,1.3,2,Moderate,Moderate,Moderate,Moderate,Medium
7.6,791.0,4.1,27,Good,Poor,Moderate,Poor,High
8.5,174.2,0.6,5,Moderate,Moderate,Good,Moderate,Medium
7.6,268.8,0.2,1,Good,Good,Good,Moderate,Low
7.4,217.6,0.6,4,Good,Good,Good,Moderate,Low
7.2,208.9,1.6,1,Good,Good,Moderate,Moderate,Medium
7.4,229.6,0.0,3,Good,Good,Good,Moderate,Low
8.3,555.8,11.1,11,Moderate,Poor,Poor,Poor,High
8.1,579.6,6.8,3,Moderate,Poor,Poor,Moderate,High
7.5,327.9,3.3,0,Good,Moderate,Moderate,Good,Medium
6.1,574.0,6.6,12,Poor,Poor,Poor,Poor,High
6.9,794.7,1.3,16,Moderate,Poor,Moderate,Poor,High
5.5,779.0,14.4,4,Poor,Poor,Poor,Moderate,High
5.4,380.9,3.3,12,Poor,Poor,Moderate,Poor,High
7.9,283.9,0.4,4,Moderate,Moderate,Good,Moderate,Medium
7.4,191.9,1.3,4,Good,Moderate,Moderate,Moderate,Medium
8.3,287.5,3.5,4,Moderate,Moderate,Moderate,Moderate,Medium
7.0,169.2,1.8,4,Moderate,Moderate,Moderate,Moderate,Medium
7.8,301.4,0.8,0,Good,Moderate,Good,Good,Low
7.8,233.5,1.8,0,Good,Good,Moderate,Good,Low
5.5,128.1,7.6,16,Poor,Poor,Poor,Poor,High
5.0,110.2,6.9,12,Poor,Poor,Poor,Poor,High
8.1,240.0,2.9,1,Moderate,Good,Moderate,Moderate,Medium
7.9,345.4,4.0,2,Moderate,Moderate,Moderate,Moderate,Medium
7.5,194.2,2.8,0,Good,Moderate,Moderate,Good,Medium
7.6,209.7,3.3,0,Good,Good,Moderate,Good,Low
7.8,266.6,0.8,1,Good,Good,Good,Moderate,Low
6.6,242.8,2.1,5,Moderate,Good,Moderate,Moderate,Medium
8.0,190.3,3.9,3,Moderate,Moderate,Moderate,Moderate,Medium
7.2,198.3,0.1,0,Good,Moderate,Good,Good,Low
7.6,257.5,4.8,0,Good,Good,Moderate,Good,Low
7.0,302.7,11.9,4,Moderate,Moderate,Poor,Moderate,High
7.2,266.8,0.9,5,Good,Good,Good,Moderate,Low
7.4,305.1,3.7,4,Good,Moderate,Moderate,Moderate,Medium
8.4,57.6,5.9,2,Moderate,Poor,Poor,Moderate,High
6.9,211.6,0.9,2,Moderate,Good,Good,Moderate,Medium
7.4,231.9,2.2,0,Good,Good,Moderate,Good,Low
8.8,461.4,9.3,5,Poor,Poor,Poor,Moderate,High
7.3,697.4,1.4,6,Good,Poor,Moderate,Poor,High
9.1,514.1,10.9,17,Poor,Poor,Poor,Poor,High
7.7,217.6,0.0,1,Good,Good,Good,Moderate,Low
7.8,270.5,13.8,10,Good,Poor,Poor,Poor,High
6.2,706.8,14.8,23,Poor,Poor,Poor,Poor,High
7.6,326.4,7.5,15,Good,Moderate,Poor,Poor,High
7.6,178.9,0.3,0,Good,Moderate,Good,Good,Low
8.8,535.5,5.9,27,Poor,Poor,Poor,Poor,High
9.6,587.5,4.4,27,Poor,Poor,Moderate,Poor,High
4.7,531.0,3.5,28,Poor,Poor,Moderate,Poor,High
9.5,325.5,3.0,15,Poor,Moderate,Moderate,Poor,High
7.1,211.4,2.7,3,Good,Good,Moderate,Moderate,Medium
6.8,305.4,0.9,4,Moderate,Moderate,Good,Moderate,Medium
7.2,248.1,0.5,2,Good,Good,Good,Moderate,Low
7.0,523.8,12.6,3,Moderate,Poor,Poor,Moderate,High
7.4,340.0,3.1,4,Good,Moderate,Moderate,Moderate,Medium
6.2,294.7,11.7,16,Poor,Moderate,Poor,Poor,High
6.9,216.2,0.8,3,Moderate,Good,Good,Moderate,Medium
7.1,206.4,0.6,5,Good,Good,Good,Moderate,Low
8.5,299.5,1.9,1,Moderate,Moderate,Moderate,Moderate,Medium
7.1,216.4,0.2,2,Good,Good,Good,Moderate,Low
7.3,348.0,0.2,5,Good,Moderate,Good,Moderate,Medium
7.5,248.5,4.7,0,Good,Good,Moderate,Good,Low
7.1,510.0,14.8,17,Good,Poor,Poor,Poor,High
7.6,442.5,9.6,28,Good,Poor,Poor,Poor,High
6.9,476.4,14.7,14,Moderate,Poor,Poor,Poor,High
7.2,211.4,2.2,0,Good,Good,Moderate,Good,Low
6.9,123.5,0.1,23,Moderate,Poor,Good,Poor,High
8.5,170.5,1.9,3,Moderate,Moderate,Moderate,Moderate,Medium
7.8,271.5,1.0,5,Good,Moderate,Moderate,Moderate,Medium
7.3,215.8,1.2,5,Good,Good,Moderate,Moderate,Medium
6.6,164.2,0.3,0,Moderate,Moderate,Good,Good,Medium
9.0,215.1,10.9,15,Poor,Good,Poor,Poor,High
7.1,173.5,1.6,5,Good,Moderate,Moderate,Moderate,Medium
6.8,342.2,12.8,11,Moderate,Moderate,Poor,Poor,High
7.4,277.4,0.8,0,Good,Moderate,Good,Good,Low
8.4,237.6,2.8,5,Moderate,Good,Moderate,Moderate,Medium
6.6,293.2,4.6,4,Moderate,Moderate,Moderate,Moderate,Medium
6.7,560.9,3.5,23,Moderate,Poor,Moderate,Poor,High
7.8,282.1,1.4,3,Good,Moderate,Moderate,Moderate,Medium
6.8,151.9,0.8,2,Moderate,Moderate,Good,Moderate,Medium
5.7,479.1,1.2,21,Poor,Poor,Moderate,Poor,High
7.6,272.9,4.8,1,Good,Moderate,Moderate,Moderate,Medium
7.3,198.1,2.0,0,Good,Moderate,Moderate,Good,Medium
9.7,108.7,2.8,9,Poor,Poor,Moderate,Poor,High
7.2,228.6,0.4,3,Good,Good,Good,Moderate,Low
7.2,219.3,3.4,0,Good,Good,Moderate,Good,Low
6.9,282.1,1.4,4,Moderate,Moderate,Moderate,Moderate,Medium
7.8,679.8,6.3,21,Good,Poor,Poor,Poor,High
8.4,310.3,0.2,2,Moderate,Moderate,Good,Moderate,Medium
7.8,167.2,3.4,4,Good,Moderate,Moderate,Moderate,Medium
7.8,304.8,0.6,3,Good,Moderate,Good,Moderate,Medium
8.0,270.4,2.4,8,Moderate,Poor,Moderate,Poor,High
7.8,214.8,0.4,0,Good,Good,Good,Good,Low
7.0,617.1,11.1,27,Moderate,Poor,Poor,Poor,High
7.7,292.0,2.6,0,Good,Moderate,Moderate,Good,Medium
7.7,238.3,2.6,0,Good,Good,Moderate,Good,Low
7.3,101.4,13.8,14,Good,Poor,Poor,Poor,High
7.6,210.3,2.1,0,Good,Good,Moderate,Good,Low
4.7,426.3,11.9,25,Poor,Poor,Poor,Poor,High
7.3,251.8,0.3,4,Good,Good,Good,Moderate,Low
5.3,253.4,6.9,1,Poor,Good,Poor,Moderate,High
9.2,620.8,8.6,1,Poor,Poor,Poor,Moderate,High
5.0,610.5,14.6,18,Poor,Poor,Poor,Poor,High
6.5,477.8,0.8,18,Moderate,Poor,Good,Poor,High
7.8,239.1,3.5,0,Good,Good,Moderate,Good,Low
9.2,112.0,10.5,17,Poor,Poor,Poor,Poor,High
7.9,183.3,4.6,2,Moderate,Moderate,Moderate,Moderate,Medium
9.0,520.0,14.9,19,Poor,Poor,Poor,Poor,High
7.9,344.8,2.2,1,Moderate,Moderate,Moderate,Moderate,Medium
6.7,155.9,3.8,5,Moderate,Moderate,Moderate,Moderate,Medium
6.8,233.1,0.3,5,Moderate,Good,Good,Moderate,Medium
7.2,309.8,0.3,5,Good,Moderate,Good,Moderate,Medium
7.8,219.1,3.2,0,Good,Good,Moderate,Good,Low
6.7,291.0,1.7,2,Moderate,Moderate,Moderate,Moderate,Medium
7.2,226.0,4.9,0,Good,Good,Moderate,Good,Low
6.7,303.0,3.2,1,Moderate,Moderate,Moderate,Moderate,Medium
7.8,185.3,0.7,0,Good,Moderate,Good,Good,Low
8.4,301.5,1.5,3,Moderate,Moderate,Moderate,Moderate,Medium
8.1,331.3,3.1,0,Moderate,Moderate,Moderate,Good,Medium
7.1,752.8,14.4,28,Good,Poor,Poor,Poor,High
7.3,266.0,4.7,0,Good,Good,Moderate,Good,Low
6.5,281.3,3.0,5,Moderate,Moderate,Moderate,Moderate,Medium
7.7,282.1,0.9,0,Good,Moderate,Good,Good,Low
4.5,560.7,3.0,15,Poor,Poor,Moderate,Poor,High
7.8,757.1,10.0,14,Good,Poor,Poor,Poor,High
7.6,150.5,3.4,2,Good,Moderate,Moderate,Moderate,Medium
5.1,418.2,6.6,16,Poor,Poor,Poor,Poor,High
7.7,264.8,0.8,0,Good,Good,Good,Good,Low
5.7,85.3,10.6,5,Poor,Poor,Poor,Moderate,High
7.2,209.3,4.4,0,Good,Good,Moderate,Good,Low
5.8,576.0,5.2,13,Poor,Poor,Poor,Poor,High
8.9,144.4,12.6,6,Poor,Poor,Poor,Poor,High
9.3,604.8,8.6,0,Poor,Poor,Poor,Good,High
5.1,175.0,7.0,2,Poor,Moderate,Poor,Moderate,High
8.0,213.6,1.7,1,Moderate,Good,Moderate,Moderate,Medium
6.3,475.6,3.0,18,Poor,Poor,Moderate,Poor,High
8.4,482.1,4.4,7,Moderate,Poor,Moderate,Poor,High
6.7,162.5,4.4,3,Moderate,Moderate,Moderate,Moderate,Medium
5.4,367.2,1.7,6,Poor,Poor,Moderate,Poor,High
7.2,387.4,1.1,18,Good,Poor,Moderate,Poor,High
7.5,263.5,0.1,2,Good,Good,Good,Moderate,Low
5.1,771.1,10.5,23,Poor,Poor,Poor,Poor,High
8.1,201.5,4.2,5,Moderate,Good,Moderate,Moderate,Medium
7.8,249.2,2.6,0,Good,Good,Moderate,Good,Low
7.8,246.2,3.9,0,Good,Good,Moderate,Good,Low
7.8,220.5,1.8,0,Good,Good,Moderate,Good,Low
8.5,203.3,0.7,2,Moderate,Good,Good,Moderate,Medium
7.1,309.8,4.1,0,Good,Moderate,Moderate,Good,Medium
7.8,281.1,13.2,23,Good,Moderate,Poor,Poor,High
7.4,255.9,3.2,2,Good,Good,Moderate,Moderate,Medium
10.0,107.8,12.2,23,Poor,Poor,Poor,Poor,High
7.2,229.8,1.7,5,Good,Good,Moderate,Moderate,Medium
8.3,159.3,3.5,0,Moderate,Moderate,Moderate,Good,Medium
8.3,288.3,2.3,2,Moderate,Moderate,Moderate,Moderate,Medium
7.0,203.2,2.7,1,Moderate,Good,Moderate,Moderate,Medium
7.7,199.0,0.0,0,Good,Moderate,Good,Good,Low
7.2,192.7,0.5,0,Good,Moderate,Good,Good,Low
8.3,622.2,13.2,5,Moderate,Poor,Poor,Moderate,High
8.2,305.3,4.1,0,Moderate,Moderate,Moderate,Good,Medium
7.1,268.8,1.2,0,Good,Good,Moderate,Good,Low
7.4,340.9,0.6,0,Good,Moderate,Good,Good,Low
6.8,339.2,3.5,5,Moderate,Moderate,Moderate,Moderate,Medium
7.4,240.6,0.7,4,Good,Good,Good,Moderate,Low
8.5,345.2,2.2,3,Moderate,Moderate,Moderate,Moderate,Medium
7.3,319.7,0.3,0,Good,Moderate,Good,Good,Low
6.7,190.2,0.3,1,Moderate,Moderate,Good,Moderate,Medium
7.2,230.4,0.5,2,Good,Good,Good,Moderate,Low
7.5,224.1,1.0,0,Good,Good,Moderate,Good,Low
7.3,240.9,2.6,0,Good,Good,Moderate,Good,Low
7.2,244.8,0.6,4,Good,Good,Good,Moderate,Low
7.7,300.9,1.1,3,Good,Moderate,Moderate,Moderate,Medium
7.0,213.4,9.7,9,Moderate,Good,Poor,Poor,High
7.2,253.1,1.2,0,Good,Good,Moderate,Good,Low
7.8,202.1,2.5,1,Good,Good,Moderate,Moderate,Medium
7.6,255.1,0.8,2,Good,Good,Good,Moderate,Low
7.5,281.0,0.5,3,Good,Moderate,Good,Moderate,Medium
5.3,82.9,12.2,7,Poor,Poor,Poor,Poor,High
7.4,152.4,0.2,0,Good,Moderate,Good,Good,Low
8.5,302.9,3.1,2,Moderate,Moderate,Moderate,Moderate,Medium
7.3,162.7,0.3,0,Good,Moderate,Good,Good,Low
7.0,583.3,1.7,24,Moderate,Poor,Moderate,Poor,High
7.3,544.1,7.0,3,Good,Poor,Poor,Moderate,High
7.1,327.5,0.6,1,Good,Moderate,Good,Moderate,Medium
7.8,279.3,0.0,0,Good,Moderate,Good,Good,Low
7.6,750.5,9.9,23,Good,Poor,Poor,Poor,High
7.4,217.0,2.7,0,Good,Good,Moderate,Good,Low
9.4,248.4,14.8,25,Poor,Good,Poor,Poor,High
8.0,192.0,0.9,0,Moderate,Moderate,Good,Good,Medium
7.8,341.7,2.4,1,Good,Moderate,Moderate,Moderate,Medium
7.2,254.3,2.0,4,Good,Good,Moderate,Moderate,Medium
7.8,178.8,4.5,4,Good,Moderate,Moderate,Moderate,Medium
8.4,216.7,4.3,0,Moderate,Good,Moderate,Good,Medium
8.0,716.8,3.0,28,Moderate,Poor,Moderate,Poor,High
7.1,232.2,0.6,3,Good,Good,Good,Moderate,Low
8.4,174.6,9.1,25,Moderate,Moderate,Poor,Poor,High
8.2,178.6,3.4,5,Moderate,Moderate,Moderate,Moderate,Medium
5.7,557.1,10.3,0,Poor,Poor,Poor,Good,High
7.0,169.1,1.3,5,Moderate,Moderate,Moderate,Moderate,Medium
6.6,317.9,4.0,3,Moderate,Moderate,Moderate,Moderate,Medium
9.5,353.3,9.4,9,Poor,Poor,Poor,Poor,High
6.5,300.6,0.6,2,Moderate,Moderate,Good,Moderate,Medium
7.3,189.4,1.4,4,Good,Moderate,Moderate,Moderate,Medium
8.0,265.9,0.9,0,Moderate,Good,Good,Good,Low
6.9,335.5,2.0,0,Moderate,Moderate,Moderate,Good,Medium
8.3,328.0,3.8,4,Moderate,Moderate,Moderate,Moderate,Medium
7.7,210.5,0.2,1,Good,Good,Good,Moderate,Low
6.0,151.6,7.8,14,Poor,Moderate,Poor,Poor,High
7.2,158.9,0.0,4,Good,Moderate,Good,Moderate,Medium
8.2,225.2,1.7,3,Moderate,Good,Moderate,Moderate,Medium
8.3,410.4,14.9,16,Moderate,Poor,Poor,Poor,High
7.5,250.8,2.9,1,Good,Good,Moderate,Moderate,Medium
6.6,287.6,2.4,0,Moderate,Moderate,Moderate,Good,Medium
7.2,318.8,0.8,0,Good,Moderate,Good,Good,Low
8.0,293.6,3.3,2,Moderate,Moderate,Moderate,Moderate,Medium
5.4,490.2,10.1,22,Poor,Poor,Poor,Poor,High
8.5,189.1,4.2,3,Moderate,Moderate,Moderate,Moderate,Medium
8.4,232.7,3.1,4,Moderate,Good,Moderate,Moderate,Medium
6.6,233.2,2.8,6,Moderate,Good,Moderate,Poor,High
4.5,573.0,0.6,22,Poor,Poor,Good,Poor,High
7.2,502.0,12.4,14,Good,Poor,Poor,Poor,High
6.7,272.6,2.8,5,Moderate,Moderate,Moderate,Moderate,Medium
6.5,114.7,13.2,5,Moderate,Poor,Poor,Moderate,High
8.1,72.1,1.9,23,Moderate,Poor,Moderate,Poor,High
7.6,168.3,0.4,0,Good,Moderate,Good,Good,Low
7.3,254.3,0.0,3,Good,Good,Good,Moderate,Low
7.1,268.1,2.8,0,Good,Good,Moderate,Good,Low
7.3,222.4,4.1,0,Good,Good,Moderate,Good,Low
5.1,158.4,7.7,11,Poor,Moderate,Poor,Poor,High
7.6,223.5,4.1,0,Good,Good,Moderate,Good,Low
7.0,585.4,7.3,24,Moderate,Poor,Poor,Poor,High
8.1,597.4,3.9,27,Moderate,Poor,Moderate,Poor,High
5.2,705.7,11.2,26,Poor,Poor,Poor,Poor,High
4.8,511.1,14.9,4,Poor,Poor,Poor,Moderate,High
7.5,332.7,0.3,0,Good,Moderate,Good,Good,Low
8.6,339.5,11.9,19,Poor,Moderate,Poor,Poor,High
9.8,201.3,9.0,22,Poor,Good,Poor,Poor,High
7.5,217.9,2.9,0,Good,Good,Moderate,Good,Low
6.9,612.0,2.2,21,Moderate,Poor,Moderate,Poor,High
7.8,263.6,6.1,20,Good,Good,Poor,Poor,High
7.7,248.7,4.0,0,Good,Good,Moderate,Good,Low
7.1,265.6,0.2,1,Good,Good,Good,Moderate,Low
6.0,470.7,6.0,8,Poor,Poor,Poor,Poor,High
6.8,152.2,2.0,1,Moderate,Moderate,Moderate,Moderate,Medium
8.2,158.8,3.2,4,Moderate,Moderate,Moderate,Moderate,Medium
6.8,221.6,3.0,1,Moderate,Good,Moderate,Moderate,Medium
6.6,250.4,3.2,1,Moderate,Good,Moderate,Moderate,Medium
8.5,218.6,3.0,4,Moderate,Good,Moderate,Moderate,Medium
7.7,205.0,0.1,5,Good,Good,Good,Moderate,Low
7.7,261.8,3.6,1,Good,Good,Moderate,Moderate,Medium
9.1,702.7,8.1,10,Poor,Poor,Poor,Poor,High
7.8,233.7,4.3,0,Good,Good,Moderate,Good,Low
6.8,152.8,0.8,0,Moderate,Moderate,Good,Good,Medium
4.9,519.3,12.3,14,Poor,Poor,Poor,Poor,High
7.4,256.5,0.1,0,Good,Good,Good,Good,Low
7.7,311.5,2.0,3,Good,Moderate,Moderate,Moderate,Medium
4.9,625.2,4.8,14,Poor,Poor,Moderate,Poor,High
7.6,220.8,3.5,5,Good,Good,Moderate,Moderate,Medium
7.2,204.8,0.5,4,Good,Good,Good,Moderate,Low
5.4,101.3,2.7,28,Poor,Poor,Moderate,Poor,High
7.9,189.1,3.9,1,Moderate,Moderate,Moderate,Moderate,Medium
6.0,67.4,14.2,12,Poor,Poor,Poor,Poor,High
4.7,691.0,0.3,11,Poor,Poor,Good,Poor,High
5.1,708.7,11.1,5,Poor,Poor,Poor,Moderate,High
9.2,585.2,8.7,14,Poor,Poor,Poor,Poor,High
7.7,249.7,0.0,1,Good,Good,Good,Moderate,Low
8.2,340.7,0.7,5,Moderate,Moderate,Good,Moderate,Medium
7.7,697.7,14.5,19,Good,Poor,Poor,Poor,High
6.8,267.6,0.0,0,Moderate,Good,Good,Good,Low
8.2,297.8,0.3,4,Moderate,Moderate,Good,Moderate,Medium
9.9,224.0,0.9,16,Poor,Good,Good,Poor,High
7.9,274.9,3.6,0,Moderate,Moderate,Moderate,Good,Medium
4.6,338.0,0.7,16,Poor,Moderate,Good,Poor,High
6.9,204.9,1.3,2,Moderate,Good,Moderate,Moderate,Medium
5.5,515.6,4.8,18,Poor,Poor,Moderate,Poor,High
8.2,258.4,2.5,1,Moderate,Good,Moderate,Moderate,Medium
8.4,204.3,0.3,0,Moderate,Good,Good,Good,Low
7.5,209.7,4.8,0,Good,Good,Moderate,Good,Low
7.4,152.0,0.8,0,Good,Moderate,Good,Good,Low
7.5,152.4,3.6,2,Good,Moderate,Moderate,Moderate,Medium
6.5,346.0,2.5,4,Moderate,Moderate,Moderate,Moderate,Medium
9.6,750.9,9.5,27,Poor,Poor,Poor,Poor,High
7.3,203.5,3.6,0,Good,Good,Moderate,Good,Low
9.0,359.7,1.8,29,Poor,Poor,Moderate,Poor,High
7.0,201.7,0.6,0,Moderate,Good,Good,Good,Low
7.4,198.1,2.9,2,Good,Moderate,Moderate,Moderate,Medium
7.7,245.7,0.5,0,Good,Good,Good,Good,Low
8.3,277.3,0.2,4,Moderate,Moderate,Good,Moderate,Medium
7.4,262.6,0.1,5,Good,Good,Good,Moderate,Low
5.4,505.1,12.0,7,Poor,Poor,Poor,Poor,High
8.2,343.1,2.0,2,Moderate,Moderate,Moderate,Moderate,Medium
8.4,203.7,0.0,0,Moderate,Good,Good,Good,Low
7.5,232.3,0.1,5,Good,Good,Good,Moderate,Low
9.0,628.7,0.3,28,Poor,Poor,Good,Poor,High
7.7,308.2,1.3,0,Good,Moderate,Moderate,Good,Medium
6.8,274.4,3.0,1,Moderate,Moderate,Moderate,Moderate,Medium
6.7,280.1,0.9,1,Moderate,Moderate,Good,Moderate,Medium
6.3,351.8,13.5,16,Poor,Poor,Poor,Poor,High
8.4,179.8,4.4,5,Moderate,Moderate,Moderate,Moderate,Medium
7.9,194.3,2.3,5,Moderate,Moderate,Moderate,Moderate,Medium
8.1,151.7,1.6,17,Moderate,Moderate,Moderate,Poor,High
6.9,632.2,0.8,17,Moderate,Poor,Good,Poor,High
8.2,157.2,1.3,1,Moderate,Moderate,Moderate,Moderate,Medium
7.5,342.8,0.6,0,Good,Moderate,Good,Good,Low
8.2,435.3,0.6,13,Moderate,Poor,Good,Poor,High
7.7,303.3,3.2,2,Good,Moderate,Moderate,Moderate,Medium
8.7,171.9,13.0,17,Poor,Moderate,Poor,Poor,High
8.3,206.1,3.3,2,Moderate,Good,Moderate,Moderate,Medium
6.6,278.9,4.5,5,Moderate,Moderate,Moderate,Moderate,Medium
9.1,692.2,9.7,28,Poor,Poor,Poor,Poor,High
7.4,337.2,3.1,4,Good,Moderate,Moderate,Moderate,Medium
7.2,97.6,1.9,14,Good,Poor,Moderate,Poor,High
7.8,280.6,0.9,0,Good,Moderate,Good,Good,Low
7.5,679.8,4.8,4,Good,Poor,Moderate,Moderate,High
6.5,317.4,4.2,2,Moderate,Moderate,Moderate,Moderate,Medium
7.3,247.6,3.6,0,Good,Good,Moderate,Good,Low
8.4,302.7,2.0,5,Moderate,Moderate,Moderate,Moderate,Medium
7.2,251.9,3.5,5,Good,Good,Moderate,Moderate,Medium
8.4,264.1,0.1,1,Moderate,Good,Good,Moderate,Medium
8.3,382.5,12.7,17,Moderate,Poor,Poor,Poor,High
8.0,271.8,4.7,2,Moderate,Moderate,Moderate,Moderate,Medium
8.8,209.6,8.0,1,Poor,Good,Poor,Moderate,High
7.5,284.1,0.5,0,Good,Moderate,Good,Good,Low
7.8,256.3,0.7,5,Good,Good,Good,Moderate,Low
7.8,238.8,4.8,3,Good,Good,Moderate,Moderate,Medium
7.8,219.1,0.1,0,Good,Good,Good,Good,Low
7.8,224.2,0.7,4,Good,Good,Good,Moderate,Low
7.3,158.7,0.4,0,Good,Moderate,Good,Good,Low
6.9,224.5,0.6,3,Moderate,Good,Good,Moderate,Medium
7.7,238.0,0.5,2,Good,Good,Good,Moderate,Low
7.1,311.2,0.3,0,Good,Moderate,Good,Good,Low
6.8,222.0,0.0,0,Moderate,Good,Good,Good,Low
7.4,250.9,0.5,0,Good,Good,Good,Good,Low
7.0,212.4,4.5,4,Moderate,Good,Moderate,Moderate,Medium
7.4,275.0,1.5,0,Good,Moderate,Moderate,Good,Medium
8.2,274.5,3.0,5,Moderate,Moderate,Moderate,Moderate,Medium
6.8,170.6,13.0,11,Moderate,Moderate,Poor,Poor,High
7.7,203.1,2.5,0,Good,Good,Moderate,Good,Low
7.0,756.4,4.7,16,Moderate,Poor,Moderate,Poor,High
7.8,324.3,1.3,1,Good,Moderate,Moderate,Moderate,Medium
6.8,239.4,3.9,4,Moderate,Good,Moderate,Moderate,Medium
8.1,196.5,2.6,5,Moderate,Moderate,Moderate,Moderate,Medium
7.2,249.2,4.6,0,Good,Good,Moderate,Good,Low
6.8,239.3,3.1,2,Moderate,Good,Moderate,Moderate,Medium
9.3,677.9,2.8,0,Poor,Poor,Moderate,Good,High
7.2,270.0,0.2,1,Good,Good,Good,Moderate,Low
7.0,719.0,14.1,14,Moderate,Poor,Poor,Poor,High
9.0,177.8,0.2,17,Poor,Moderate,Good,Poor,High
7.1,222.4,1.9,0,Good,Good,Moderate,Good,Low
8.3,246.3,0.5,0,Moderate,Good,Good,Good,Low
8.2,210.8,1.8,2,Moderate,Good,Moderate,Moderate,Medium
8.1,265.6,5.3,21,Moderate,Good,Poor,Poor,High
5.8,748.5,13.8,4,Poor,Poor,Poor,Moderate,High
7.6,234.5,0.2,5,Good,Good,Good,Moderate,Low
8.0,183.9,10.2,3,Moderate,Moderate,Poor,Moderate,High
7.7,336.4,2.9,2,Good,Moderate,Moderate,Moderate,Medium
6.1,646.6,6.4,21,Poor,Poor,Poor,Poor,High
6.6,169.4,1.1,1,Moderate,Moderate,Moderate,Moderate,Medium
8.5,297.4,4.9,2,Moderate,Moderate,Moderate,Moderate,Medium
7.5,201.7,0.9,2,Good,Good,Good,Moderate,Low
4.8,316.2,14.2,14,Poor,Moderate,Poor,Poor,High
8.4,177.3,3.5,3,Moderate,Moderate,Moderate,Moderate,Medium
7.2,522.3,13.3,12,Good,Poor,Poor,Poor,High
9.4,390.1,6.7,16,Poor,Poor,Poor,Poor,High
7.2,152.0,4.8,1,Good,Moderate,Moderate,Moderate,Medium
9.1,363.7,8.6,29,Poor,Poor,Poor,Poor,High
7.4,317.6,1.3,3,Good,Moderate,Moderate,Moderate,Medium
5.4,253.0,3.7,25,Poor,Good,Moderate,Poor,High
7.8,201.3,3.5,0,Good,Good,Moderate,Good,Low
4.7,587.9,7.6,3,Poor,Poor,Poor,Moderate,High
8.0,624.1,8.6,21,Moderate,Poor,Poor,Poor,High
7.7,260.4,0.2,4,Good,Good,Good,Moderate,Low
8.0,208.3,0.4,0,Moderate,Good,Good,Good,Low
8.2,337.6,3.0,5,Moderate,Moderate,Moderate,Moderate,Medium
9.9,354.8,9.5,27,Poor,Poor,Poor,Poor,High
6.9,82.6,1.1,28,Moderate,Poor,Moderate,Poor,High
5.9,751.0,9.4,3,Poor,Poor,Poor,Moderate,High
4.5,586.6,5.3,14,Poor,Poor,Poor,Poor,High
6.6,153.7,1.5,2,Moderate,Moderate,Moderate,Moderate,Medium
4.7,387.3,12.7,12,Poor,Poor,Poor,Poor,High
7.3,239.8,2.2,0,Good,Good,Moderate,Good,Low
7.3,220.9,0.8,3,Good,Good,Good,Moderate,Low
7.1,218.6,1.1,0,Good,Good,Moderate,Good,Low
5.0,74.7,9.1,14,Poor,Poor,Poor,Poor,High
7.7,222.7,4.0,0,Good,Good,Moderate,Good,Low
7.1,216.3,0.4,5,Good,Good,Good,Moderate,Low
7.7,229.2,0.1,3,Good,Good,Good,Moderate,Low
7.7,219.4,0.9,1,Good,Good,Good,Moderate,Low
7.5,285.7,3.4,2,Good,Moderate,Moderate,Moderate,Medium
7.1,153.8,2.2,3,Good,Moderate,Moderate,Moderate,Medium
4.7,193.7,3.7,2,Poor,Moderate,Moderate,Moderate,High
7.8,212.3,0.1,1,Good,Good,Good,Moderate,Low
8.3,204.4,2.3,1,Moderate,Good,Moderate,Moderate,Medium
5.7,365.4,6.1,22,Poor,Poor,Poor,Poor,High
7.6,328.7,8.5,17,Good,Moderate,Poor,Poor,High
7.2,223.2,0.6,5,Good,Good,Good,Moderate,Low
9.1,288.0,7.5,24,Poor,Moderate,Poor,Poor,High
8.9,611.2,6.4,14,Poor,Poor,Poor,Poor,High
7.2,221.5,0.6,4,Good,Good,Good,Moderate,Low
7.4,259.3,2.7,4,Good,Good,Moderate,Moderate,Medium
7.7,211.9,0.0,5,Good,Good,Good,Moderate,Low
6.6,308.3,2.8,3,Moderate,Moderate,Moderate,Moderate,Medium
7.8,218.4,0.1,5,Good,Good,Good,Moderate,Low
7.8,245.7,0.4,4,Good,Good,Good,Moderate,Low
5.3,357.3,2.3,24,Poor,Poor,Moderate,Poor,High
9.3,523.6,5.2,1,Poor,Poor,Poor,Moderate,High
6.6,258.3,3.6,4,Moderate,Good,Moderate,Moderate,Medium
7.4,258.5,3.9,0,Good,Good,Moderate,Good,Low
7.5,331.7,1.2,0,Good,Moderate,Moderate,Good,Medium
7.5,219.7,1.5,5,Good,Good,Moderate,Moderate,Medium
5.2,456.6,13.6,1,Poor,Poor,Poor,Moderate,High
7.9,332.2,2.3,3,Moderate,Moderate,Moderate,Moderate,Medium
7.0,583.0,13.9,12,Moderate,Poor,Poor,Poor,High
7.7,176.2,4.1,4,Good,Moderate,Moderate,Moderate,Medium
9.9,250.7,7.8,6,Poor,Good,Poor,Poor,High
8.3,246.3,4.7,4,Moderate,Good,Moderate,Moderate,Medium
9.7,252.4,8.0,15,Poor,Good,Poor,Poor,High
7.1,715.2,9.2,28,Good,Poor,Poor,Poor,High
7.7,222.4,4.5,1,Good,Good,Moderate,Moderate,Medium
5.5,789.6,10.3,28,Poor,Poor,Poor,Poor,High
6.8,305.9,3.5,0,Moderate,Moderate,Moderate,Good,Medium
6.6,330.1,3.1,2,Moderate,Moderate,Moderate,Moderate,Medium
7.5,372.3,5.1,24,Good,Poor,Poor,Poor,High
7.7,260.4,0.8,3,Good,Good,Good,Moderate,Low
6.6,469.8,9.4,9,Moderate,Poor,Poor,Poor,High
7.1,158.7,1.0,2,Good,Moderate,Moderate,Moderate,Medium
7.5,169.0,1.2,0,Good,Moderate,Moderate,Good,Medium
9.0,308.0,9.2,12,Poor,Moderate,Poor,Poor,High
7.4,242.8,0.1,3,Good,Good,Good,Moderate,Low
7.8,242.7,0.7,4,Good,Good,Good,Moderate,Low
8.1,230.8,0.5,0,Moderate,Good,Good,Good,Low
4.8,197.9,5.4,12,Poor,Moderate,Poor,Poor,High
7.9,269.7,2.5,3,Moderate,Good,Moderate,Moderate,Medium
8.5,204.5,0.6,0,Moderate,Good,Good,Good,Low
7.7,259.0,0.9,0,Good,Good,Good,Good,Low
7.2,317.0,2.2,1,Good,Moderate,Moderate,Moderate,Medium
7.7,193.2,2.0,2,Good,Moderate,Moderate,Moderate,Medium
7.0,194.3,0.6,1,Moderate,Moderate,Good,Moderate,Medium
4.8,157.8,1.9,1,Poor,Moderate,Moderate,Moderate,High
5.9,699.9,10.5,25,Poor,Poor,Poor,Poor,High
6.6,563.6,5.1,20,Moderate,Poor,Poor,Poor,High
7.6,286.4,3.2,5,Good,Moderate,Moderate,Moderate,Medium
7.8,253.2,0.7,2,Good,Good,Good,Moderate,Low
6.8,662.3,13.0,12,Moderate,Poor,Poor,Poor,High
7.7,190.7,7.9,29,Good,Moderate,Poor,Poor,High
8.4,258.2,1.5,5,Moderate,Good,Moderate,Moderate,Medium
6.8,226.5,4.8,4,Moderate,Good,Moderate,Moderate,Medium
8.2,151.9,3.5,0,Moderate,Moderate,Moderate,Good,Medium
7.2,216.7,0.5,5,Good,Good,Good,Moderate,Low
7.1,327.3,0.4,5,Good,Moderate,Good,Moderate,Medium
7.6,297.1,2.3,1,Good,Moderate,Moderate,Moderate,Medium
7.5,244.5,0.5,4,Good,Good,Good,Moderate,Low
7.0,464.8,3.3,17,Moderate,Poor,Moderate,Poor,High
7.4,248.7,3.4,0,Good,Good,Moderate,Good,Low
7.7,183.1,0.7,0,Good,Moderate,Good,Good,Low
6.8,286.5,3.3,12,Moderate,Moderate,Moderate,Poor,High
8.4,227.0,0.5,0,Moderate,Good,Good,Good,Low
7.5,246.8,3.2,0,Good,Good,Moderate,Good,Low
7.1,183.6,0.4,0,Good,Moderate,Good,Good,Low
7.7,173.7,0.0,0,Good,Moderate,Good,Good,Low
7.3,168.6,13.6,21,Good,Moderate,Poor,Poor,High
7.3,170.4,4.2,4,Good,Moderate,Moderate,Moderate,Medium
8.0,587.4,9.6,20,Moderate,Poor,Poor,Poor,High
6.7,347.2,0.3,0,Moderate,Moderate,Good,Good,Medium
7.2,258.0,0.0,1,Good,Good,Good,Moderate,Low
10.0,742.2,11.5,22,Poor,Poor,Poor,Poor,High
8.1,191.0,0.6,0,Moderate,Moderate,Good,Good,Medium
8.3,325.5,0.5,5,Moderate,Moderate,Good,Moderate,Medium
8.1,206.4,0.1,0,Moderate,Good,Good,Good,Low
6.8,286.6,2.9,0,Moderate,Moderate,Moderate,Good,Medium
7.5,280.3,3.4,0,Good,Moderate,Moderate,Good,Medium
6.9,228.5,2.1,3,Moderate,Good,Moderate,Moderate,Medium
7.3,182.4,0.2,0,Good,Moderate,Good,Good,Low
7.8,230.2,0.5,0,Good,Good,Good,Good,Low
9.8,127.5,1.5,27,Poor,Poor,Moderate,Poor,High
6.3,640.0,1.9,19,Poor,Poor,Moderate,Poor,High
7.6,253.7,1.4,0,Good,Good,Moderate,Good,Low
9.0,479.4,1.8,5,Poor,Poor,Moderate,Moderate,High
7.7,243.7,0.4,3,Good,Good,Good,Moderate,Low
4.5,577.1,4.1,4,Poor,Poor,Moderate,Moderate,High
7.4,328.0,0.6,0,Good,Moderate,Good,Good,Low
5.3,399.1,6.4,20,Poor,Poor,Poor,Poor,High
8.4,240.3,0.8,0,Moderate,Good,Good,Good,Low
7.5,168.5,0.2,0,Good,Moderate,Good,Good,Low
8.1,331.2,1.8,5,Moderate,Moderate,Moderate,Moderate,Medium
5.2,109.1,7.7,24,Poor,Poor,Poor,Poor,High
7.5,272.5,2.8,4,Good,Moderate,Moderate,Moderate,Medium
8.3,141.5,11.4,22,Moderate,Poor,Poor,Poor,High
7.1,345.3,0.9,0,Good,Moderate,Good,Good,Low
7.7,337.9,0.1,8,Good,Moderate,Good,Poor,High
7.2,156.2,4.9,3,Good,Moderate,Moderate,Moderate,Medium
7.8,318.9,0.0,0,Good,Moderate,Good,Good,Low
9.0,194.1,8.2,25,Poor,Moderate,Poor,Poor,High
8.5,288.6,4.1,1,Moderate,Moderate,Moderate,Moderate,Medium
7.2,268.8,1.1,0,Good,Good,Moderate,Good,Low
8.2,533.2,9.8,26,Moderate,Poor,Poor,Poor,High
7.7,266.5,1.1,0,Good,Good,Moderate,Good,Low
7.7,340.2,4.3,0,Good,Moderate,Moderate,Good,Medium
7.6,241.2,0.4,2,Good,Good,Good,Moderate,Low
7.1,258.6,0.1,3,Good,Good,Good,Moderate,Low
4.5,514.6,13.8,27,Poor,Poor,Poor,Poor,High
9.5,682.3,0.4,5,Poor,Poor,Good,Moderate,High
7.7,331.1,1.6,2,Good,Moderate,Moderate,Moderate,Medium
5.3,308.8,1.9,13,Poor,Moderate,Moderate,Poor,High
8.2,310.4,2.5,3,Moderate,Moderate,Moderate,Moderate,Medium
6.6,594.3,3.1,21,Moderate,Poor,Moderate,Poor,High
7.8,255.7,2.7,3,Good,Good,Moderate,Moderate,Medium
7.2,336.3,4.0,2,Good,Moderate,Moderate,Moderate,Medium
8.0,212.7,0.0,0,Moderate,Good,Good,Good,Low
8.4,171.9,4.4,0,Moderate,Moderate,Moderate,Good,Medium
7.5,320.2,3.7,0,Good,Moderate,Moderate,Good,Medium
7.6,440.0,10.1,10,Good,Poor,Poor,Poor,High
7.0,287.2,0.5,3,Moderate,Moderate,Good,Moderate,Medium
7.9,349.5,2.0,3,Moderate,Moderate,Moderate,Moderate,Medium
7.4,210.5,0.6,4,Good,Good,Good,Moderate,Low
9.8,240.4,12.5,16,Poor,Good,Poor,Poor,High
7.8,242.3,0.1,0,Good,Good,Good,Good,Low
8.5,341.1,4.0,5,Moderate,Moderate,Moderate,Moderate,Medium
7.6,163.9,3.0,4,Good,Moderate,Moderate,Moderate,Medium
7.2,179.7,3.3,2,Good,Moderate,Moderate,Moderate,Medium
7.6,236.8,3.8,0,Good,Good,Moderate,Good,Low
7.7,265.7,0.5,5,Good,Good,Good,Moderate,Low
7.3,173.7,3.9,0,Good,Moderate,Moderate,Good,Medium
8.2,298.9,4.3,3,Moderate,Moderate,Moderate,Moderate,Medium
7.6,249.2,0.2,3,Good,Good,Good,Moderate,Low
7.2,258.7,4.2,0,Good,Good,Moderate,Good,Low
7.0,276.0,4.1,0,Moderate,Moderate,Moderate,Good,Medium
7.2,256.8,0.6,4,Good,Good,Good,Moderate,Low
6.9,259.2,1.0,5,Moderate,Good,Moderate,Moderate,Medium
7.2,210.9,4.2,0,Good,Good,Moderate,Good,Low
8.5,550.6,12.1,24,Moderate,Poor,Poor,Poor,High
9.2,473.3,11.1,1,Poor,Poor,Poor,Moderate,High
7.7,362.0,7.2,1,Good,Poor,Poor,Moderate,High
7.3,324.4,0.2,2,Good,Moderate,Good,Moderate,Medium
6.6,330.9,0.1,5,Moderate,Moderate,Good,Moderate,Medium
6.4,330.5,12.1,2,Poor,Moderate,Poor,Moderate,High
7.7,324.7,0.5,0,Good,Moderate,Good,Good,Low
7.6,211.8,0.1,2,Good,Good,Good,Moderate,Low
7.5,308.4,3.6,2,Good,Moderate,Moderate,Moderate,Medium
7.1,423.0,4.9,28,Good,Poor,Moderate,Poor,High
7.0,324.7,13.4,0,Moderate,Moderate,Poor,Good,High
6.9,221.0,4.6,1,Moderate,Good,Moderate,Moderate,Medium
7.5,256.4,4.8,4,Good,Good,Moderate,Moderate,Medium
8.7,302.6,10.7,14,Poor,Moderate,Poor,Poor,High
4.9,681.9,6.0,10,Poor,Poor,Poor,Poor,High
7.6,201.0,1.6,3,Good,Good,Moderate,Moderate,Medium
8.2,295.0,3.0,2,Moderate,Moderate,Moderate,Moderate,Medium
8.2,203.0,0.9,0,Moderate,Good,Good,Good,Low
9.5,671.1,7.5,22,Poor,Poor,Poor,Poor,High
4.6,696.3,2.2,15,Poor,Poor,Moderate,Poor,High
8.5,299.1,3.6,5,Moderate,Moderate,Moderate,Moderate,Medium
7.7,205.1,3.4,0,Good,Good,Moderate,Good,Low
7.7,253.4,1.0,0,Good,Good,Moderate,Good,Low
7.3,314.3,0.5,0,Good,Moderate,Good,Good,Low
7.6,235.6,0.6,3,Good,Good,Good,Moderate,Low
8.4,338.9,1.0,0,Moderate,Moderate,Moderate,Good,Medium
7.2,292.6,11.0,10,Good,Moderate,Poor,Poor,High
7.7,260.9,0.2,3,Good,Good,Good,Moderate,Low
8.5,435.4,7.4,16,Moderate,Poor,Poor,Poor,High
7.5,213.8,0.6,1,Good,Good,Good,Moderate,Low
7.7,201.2,4.4,0,Good,Good,Moderate,Good,Low
8.5,179.6,0.8,4,Moderate,Moderate,Good,Moderate,Medium
7.4,265.4,0.4,0,Good,Good,Good,Good,Low
8.2,196.1,4.2,1,Moderate,Moderate,Moderate,Moderate,Medium
7.3,183.4,1.3,3,Good,Moderate,Moderate,Moderate,Medium
7.3,228.9,1.2,0,Good,Good,Moderate,Good,Low
6.8,307.9,3.6,0,Moderate,Moderate,Moderate,Good,Medium
6.6,311.9,0.0,3,Moderate,Moderate,Good,Moderate,Medium
7.6,250.9,1.4,0,Good,Good,Moderate,Good,Low
7.8,155.9,0.6,1,Good,Moderate,Good,Moderate,Medium
8.0,116.7,9.2,27,Moderate,Poor,Poor,Poor,High
8.4,308.5,4.4,0,Moderate,Moderate,Moderate,Good,Medium
7.3,230.2,3.0,0,Good,Good,Moderate,Good,Low
6.2,573.8,10.5,18,Poor,Poor,Poor,Poor,High
7.1,263.4,4.7,0,Good,Good,Moderate,Good,Low
4.8,279.5,4.2,8,Poor,Moderate,Moderate,Poor,High
7.6,237.0,0.8,3,Good,Good,Good,Moderate,Low
7.6,437.7,14.2,7,Good,Poor,Poor,Poor,High
7.9,120.5,3.2,23,Moderate,Poor,Moderate,Poor,High
8.3,336.6,0.5,0,Moderate,Moderate,Good,Good,Medium
7.6,207.6,4.2,0,Good,Good,Moderate,Good,Low
8.0,306.3,4.0,3,Moderate,Moderate,Moderate,Moderate,Medium
5.3,398.0,1.8,17,Poor,Poor,Moderate,Poor,High
7.2,252.3,3.4,5,Good,Good,Moderate,Moderate,Medium
8.5,657.2,4.3,8,Moderate,Poor,Moderate,Poor,High
6.8,236.3,1.7,3,Moderate,Good,Moderate,Moderate,Medium
9.3,625.8,9.4,21,Poor,Poor,Poor,Poor,High
7.5,262.5,0.0,5,Good,Good,Good,Moderate,Low
7.4,180.1,4.1,2,Good,Moderate,Moderate,Moderate,Medium
7.0,304.2,0.9,2,Moderate,Moderate,Good,Moderate,Medium
7.4,96.0,11.3,5,Good,Poor,Poor,Moderate,High
6.0,516.6,7.3,24,Poor,Poor,Poor,Poor,High
8.5,324.5,0.0,0,Moderate,Moderate,Good,Good,Medium
7.5,254.2,3.5,0,Good,Good,Moderate,Good,Low
7.1,315.4,0.1,0,Good,Moderate,Good,Good,Low
7.7,345.9,2.0,0,Good,Moderate,Moderate,Good,Medium
6.1,117.7,4.9,5,Poor,Poor,Moderate,Moderate,High
8.4,240.1,4.4,1,Moderate,Good,Moderate,Moderate,Medium
7.2,203.0,4.1,0,Good,Good,Moderate,Good,Low
4.5,176.8,9.1,16,Poor,Moderate,Poor,Poor,High
7.4,631.6,13.7,26,Good,Poor,Poor,Poor,High
7.9,199.1,14.7,9,Moderate,Poor,Poor,Poor,High
7.1,229.7,1.2,3,Good,Good,Moderate,Moderate,Medium
8.0,305.8,1.5,0,Moderate,Moderate,Moderate,Good,Medium
7.1,285.6,0.7,5,Good,Moderate,Good,Moderate,Medium
7.2,232.2,0.5,4,Good,Good,Good,Moderate,Low
7.5,245.6,0.1,0,Good,Good,Good,Good,Low
7.8,202.7,2.2,0,Good,Good,Moderate,Good,Low
4.8,253.0,4.7,11,Poor,Good,Moderate,Poor,High
5.0,658.3,2.2,7,Poor,Poor,Moderate,Poor,High
6.8,317.2,0.2,5,Moderate,Moderate,Good,Moderate,Medium
8.6,796.0,0.1,24,Poor,Poor,Good,Poor,High
7.6,224.9,4.2,1,Good,Good,Moderate,Moderate,Medium
9.1,151.9,14.0,21,Poor,Moderate,Poor,Poor,High
7.3,227.4,1.0,3,Good,Good,Moderate,Moderate,Medium
7.6,219.3,0.7,1,Good,Good,Good,Moderate,Low
4.7,444.4,5.1,18,Poor,Poor,Poor,Poor,High
7.5,267.9,0.8,5,Good,Good,Good,Moderate,Low
9.7,607.1,0.7,1,Poor,Poor,Good,Moderate,High
7.7,287.0,4.5,2,Good,Moderate,Moderate,Moderate,Medium
8.4,247.0,2.2,1,Moderate,Good,Moderate,Moderate,Medium
7.7,319.0,2.7,1,Good,Moderate,Moderate,Moderate,Medium
7.3,264.5,2.5,0,Good,Good,Moderate,Good,Low
8.1,556.6,6.2,27,Moderate,Poor,Poor,Poor,High
7.4,150.5,2.3,2,Good,Moderate,Moderate,Moderate,Medium
7.3,228.4,1.5,1,Good,Good,Moderate,Moderate,Medium
7.1,207.1,2.3,0,Good,Good,Moderate,Good,Low
7.3,111.6,12.0,22,Good,Poor,Poor,Poor,High
5.1,55.9,14.3,22,Poor,Poor,Poor,Poor,High
7.2,303.6,0.4,0,Good,Moderate,Good,Good,Low
7.6,210.9,0.9,0,Good,Good,Good,Good,Low
8.9,497.1,3.8,0,Poor,Poor,Moderate,Good,High
8.4,223.6,2.7,5,Moderate,Good,Moderate,Moderate,Medium
5.8,525.8,12.8,12,Poor,Poor,Poor,Poor,High
9.4,685.2,7.0,10,Poor,Poor,Poor,Poor,High
8.1,233.3,0.4,0,Moderate,Good,Good,Good,Low
7.9,231.9,2.7,1,Moderate,Good,Moderate,Moderate,Medium
7.1,225.9,2.5,0,Good,Good,Moderate,Good,Low
5.0,245.2,6.6,22,Poor,Good,Poor,Poor,High
8.0,300.3,4.8,1,Moderate,Moderate,Moderate,Moderate,Medium
7.3,253.7,0.9,4,Good,Good,Good,Moderate,Low
7.8,202.5,0.2,0,Good,Good,Good,Good,Low
9.8,83.6,12.1,22,Poor,Poor,Poor,Poor,High
4.9,111.8,1.9,15,Poor,Poor,Moderate,Poor,High
6.6,214.0,0.8,0,Moderate,Good,Good,Good,Low
8.2,183.9,1.8,1,Moderate,Moderate,Moderate,Moderate,Medium
7.8,233.7,4.5,0,Good,Good,Moderate,Good,Low
7.2,257.3,0.9,1,Good,Good,Good,Moderate,Low
7.9,176.2,4.5,0,Moderate,Moderate,Moderate,Good,Medium
6.5,212.3,1.8,4,Moderate,Good,Moderate,Moderate,Medium
6.9,455.0,10.0,8,Moderate,Poor,Poor,Poor,High
8.5,169.2,1.8,4,Moderate,Moderate,Moderate,Moderate,Medium
7.4,232.7,0.8,2,Good,Good,Good,Moderate,Low
7.9,219.5,0.2,0,Moderate,Good,Good,Good,Low
7.3,172.2,1.5,5,Good,Moderate,Moderate,Moderate,Medium
9.2,439.0,12.4,22,Poor,Poor,Poor,Poor,High
7.6,236.9,0.1,5,Good,Good,Good,Moderate,Low
7.3,261.4,0.8,4,Good,Good,Good,Moderate,Low
7.7,204.5,2.4,0,Good,Good,Moderate,Good,Low
6.2,438.4,10.2,24,Poor,Poor,Poor,Poor,High
7.0,403.1,3.1,4,Moderate,Poor,Moderate,Moderate,High
7.4,253.4,1.7,4,Good,Good,Moderate,Moderate,Medium
8.3,294.4,13.4,12,Moderate,Moderate,Poor,Poor,High
8.6,245.3,5.2,14,Poor,Good,Poor,Poor,High
7.4,83.3,4.9,17,Good,Poor,Moderate,Poor,High
6.0,507.4,6.0,7,Poor,Poor,Poor,Poor,High
7.5,317.0,2.4,1,Good,Moderate,Moderate,Moderate,Medium
5.3,450.3,12.7,18,Poor,Poor,Poor,Poor,High
7.7,216.7,1.5,0,Good,Good,Moderate,Good,Low
7.1,218.0,2.4,0,Good,Good,Moderate,Good,Low
7.3,240.5,0.2,1,Good,Good,Good,Moderate,Low
6.1,760.5,4.9,26,Poor,Poor,Moderate,Poor,High
7.8,237.7,4.4,2,Good,Good,Moderate,Moderate,Medium
7.6,214.2,0.0,1,Good,Good,Good,Moderate,Low
7.5,459.7,10.3,17,Good,Poor,Poor,Poor,High
8.5,218.1,3.0,3,Moderate,Good,Moderate,Moderate,Medium
7.6,233.6,0.8,1,Good,Good,Good,Moderate,Low
8.5,296.7,1.6,2,Moderate,Moderate,Moderate,Moderate,Medium
8.9,340.7,2.8,26,Poor,Moderate,Moderate,Poor,High
7.9,216.4,0.2,4,Moderate,Good,Good,Moderate,Medium
7.6,277.3,3.0,1,Good,Moderate,Moderate,Moderate,Medium
7.8,214.5,0.4,3,Good,Good,Good,Moderate,Low
7.3,205.3,0.7,5,Good,Good,Good,Moderate,Low
9.8,718.7,9.0,28,Poor,Poor,Poor,Poor,High
8.4,210.3,3.6,4,Moderate,Good,Moderate,Moderate,Medium
7.2,144.6,10.8,0,Good,Poor,Poor,Good,High
5.7,320.6,2.1,5,Poor,Moderate,Moderate,Moderate,High
6.8,299.1,1.5,26,Moderate,Moderate,Moderate,Poor,High
7.7,371.7,1.0,12,Good,Poor,Moderate,Poor,High
5.0,464.4,10.2,22,Poor,Poor,Poor,Poor,High
8.9,470.9,7.2,0,Poor,Poor,Poor,Good,High
7.1,213.9,0.5,4,Good,Good,Good,Moderate,Low
6.8,582.1,8.8,15,Moderate,Poor,Poor,Poor,High
6.5,193.2,0.2,3,Moderate,Moderate,Good,Moderate,Medium
6.2,536.4,10.6,10,Poor,Poor,Poor,Poor,High
9.6,244.5,11.6,15,Poor,Good,Poor,Poor,High
7.2,168.8,0.9,0,Good,Moderate,Good,Good,Low
7.4,203.8,1.3,0,Good,Good,Moderate,Good,Low
8.7,670.2,2.8,12,Poor,Poor,Moderate,Poor,High
7.9,494.4,5.8,10,Moderate,Poor,Poor,Poor,High
8.4,313.6,0.4,0,Moderate,Moderate,Good,Good,Medium
6.3,744.3,8.9,12,Poor,Poor,Poor,Poor,High
7.7,185.3,0.6,3,Good,Moderate,Good,Moderate,Medium
9.7,635.8,9.6,19,Poor,Poor,Poor,Poor,High
6.2,787.0,8.1,4,Poor,Poor,Poor,Moderate,High
5.1,613.8,11.7,17,Poor,Poor,Poor,Poor,High
5.9,169.6,7.3,14,Poor,Moderate,Poor,Poor,High
6.8,267.6,1.1,2,Moderate,Good,Moderate,Moderate,Medium
7.1,297.9,0.2,0,Good,Moderate,Good,Good,Low
8.4,222.8,0.5,0,Moderate,Good,Good,Good,Low
7.7,334.5,0.5,0,Good,Moderate,Good,Good,Low
6.7,309.2,9.6,6,Moderate,Moderate,Poor,Poor,High
8.8,295.4,13.3,28,Poor,Moderate,Poor,Poor,High
7.8,307.0,0.6,0,Good,Moderate,Good,Good,Low
7.7,189.2,0.9,0,Good,Moderate,Good,Good,Low
7.0,332.2,1.6,4,Moderate,Moderate,Moderate,Moderate,Medium
7.2,181.4,0.8,3,Good,Moderate,Good,Moderate,Medium
6.8,168.9,2.6,0,Moderate,Moderate,Moderate,Good,Medium
8.5,642.5,10.0,22,Moderate,Poor,Poor,Poor,High
7.1,280.2,0.3,0,Good,Moderate,Good,Good,Low
7.5,200.6,0.7,3,Good,Good,Good,Moderate,Low
6.5,278.4,2.6,3,Moderate,Moderate,Moderate,Moderate,Medium
7.3,235.0,1.8,0,Good,Good,Moderate,Good,Low
8.2,173.1,4.2,2,Moderate,Moderate,Moderate,Moderate,Medium
7.1,261.4,2.4,0,Good,Good,Moderate,Good,Low
7.1,231.3,0.7,0,Good,Good,Good,Good,Low
8.2,334.6,13.6,7,Moderate,Moderate,Poor,Poor,High
5.8,65.2,10.8,13,Poor,Poor,Poor,Poor,High
8.2,245.1,0.4,0,Moderate,Good,Good,Good,Low
6.4,614.7,10.0,20,Poor,Poor,Poor,Poor,High
6.4,322.1,8.1,11,Poor,Moderate,Poor,Poor,High
6.5,267.3,3.8,0,Moderate,Good,Moderate,Good,Medium
6.7,288.2,8.4,26,Moderate,Moderate,Poor,Poor,High
8.5,278.8,0.1,0,Moderate,Moderate,Good,Good,Medium
5.2,58.1,12.3,6,Poor,Poor,Poor,Poor,High
8.2,230.5,2.1,1,Moderate,Good,Moderate,Moderate,Medium
6.1,491.9,11.7,29,Poor,Poor,Poor,Poor,High
5.5,497.0,10.9,4,Poor,Poor,Poor,Moderate,High
5.9,60.5,2.4,11,Poor,Poor,Moderate,Poor,High
7.5,255.4,0.5,1,Good,Good,Good,Moderate,Low
4.8,337.9,5.8,15,Poor,Moderate,Poor,Poor,High
7.4,344.5,0.7,0,Good,Moderate,Good,Good,Low
7.1,254.8,0.8,2,Good,Good,Good,Moderate,Low
7.7,257.2,3.8,4,Good,Good,Moderate,Moderate,Medium
7.6,233.2,2.1,0,Good,Good,Moderate,Good,Low
7.0,255.9,1.6,4,Moderate,Good,Moderate,Moderate,Medium
7.5,204.3,0.5,1,Good,Good,Good,Moderate,Low
7.5,251.5,0.8,2,Good,Good,Good,Moderate,Low
7.6,157.8,2.0,0,Good,Moderate,Moderate,Good,Medium
5.7,512.6,0.6,5,Poor,Poor,Good,Moderate,High
8.4,418.8,14.8,6,Moderate,Poor,Poor,Poor,High
7.3,168.5,0.6,0,Good,Moderate,Good,Good,Low
7.3,171.3,4.7,1,Good,Moderate,Moderate,Moderate,Medium
7.8,265.4,0.3,5,Good,Good,Good,Moderate,Low
9.3,703.5,14.7,22,Poor,Poor,Poor,Poor,High
8.0,244.9,0.7,3,Moderate,Good,Good,Moderate,Medium
4.8,138.9,5.9,10,Poor,Poor,Poor,Poor,High
5.1,200.5,13.7,5,Poor,Good,Poor,Moderate,High
7.5,251.2,4.5,0,Good,Good,Moderate,Good,Low
4.9,688.7,12.9,6,Poor,Poor,Poor,Poor,High
9.3,777.2,4.0,5,Poor,Poor,Moderate,Moderate,High
7.9,212.1,2.1,0,Moderate,Good,Moderate,Good,Medium
7.1,295.9,0.9,0,Good,Moderate,Good,Good,Low
8.7,356.4,8.1,20,Poor,Poor,Poor,Poor,High
7.2,172.8,0.0,1,Good,Moderate,Good,Moderate,Medium
5.7,757.2,1.5,26,Poor,Poor,Moderate,Poor,High
7.5,337.8,2.7,0,Good,Moderate,Moderate,Good,Medium
8.2,190.7,3.8,5,Moderate,Moderate,Moderate,Moderate,Medium
7.6,262.5,0.4,1,Good,Good,Good,Moderate,Low
7.5,289.0,0.5,0,Good,Moderate,Good,Good,Low
7.1,228.3,4.0,1,Good,Good,Moderate,Moderate,Medium
7.8,236.2,1.4,3,Good,Good,Moderate,Moderate,Medium
7.6,216.2,1.2,0,Good,Good,Moderate,Good,Low
6.2,374.5,9.8,1,Poor,Poor,Poor,Moderate,High
7.9,783.4,10.5,0,Moderate,Poor,Poor,Good,High
6.4,774.0,14.4,25,Poor,Poor,Poor,Poor,High
8.2,222.2,0.1,4,Moderate,Good,Good,Moderate,Medium
8.1,151.0,3.2,2,Moderate,Moderate,Moderate,Moderate,Medium
7.3,261.6,0.3,4,Good,Good,Good,Moderate,Low
7.8,205.2,0.5,2,Good,Good,Good,Moderate,Low
10.0,397.5,5.6,15,Poor,Poor,Poor,Poor,High
7.3,219.0,1.3,0,Good,Good,Moderate,Good,Low
6.4,453.7,4.1,18,Poor,Poor,Moderate,Poor,High
9.1,416.6,2.9,9,Poor,Poor,Moderate,Poor,High
7.3,218.9,0.7,0,Good,Good,Good,Good,Low
7.1,161.7,3.4,2,Good,Moderate,Moderate,Moderate,Medium
7.7,265.4,2.5,0,Good,Good,Moderate,Good,Low
6.2,578.8,12.1,5,Poor,Poor,Poor,Moderate,High
7.6,266.7,4.7,5,Good,Good,Moderate,Moderate,Medium
6.4,163.0,11.7,19,Poor,Moderate,Poor,Poor,High
7.0,355.1,8.0,8,Moderate,Poor,Poor,Poor,High
7.4,160.0,0.4,0,Good,Moderate,Good,Good,Low
6.4,52.8,8.4,6,Poor,Poor,Poor,Poor,High
6.7,181.1,2.8,2,Moderate,Moderate,Moderate,Moderate,Medium
7.3,338.9,3.9,2,Good,Moderate,Moderate,Moderate,Medium
7.8,245.4,0.3,1,Good,Good,Good,Moderate,Low
7.9,200.4,0.8,0,Moderate,Good,Good,Good,Low
7.3,205.1,1.7,0,Good,Good,Moderate,Good,Low
8.3,180.9,2.6,0,Moderate,Moderate,Moderate,Good,Medium
6.8,636.0,5.9,14,Moderate,Poor,Poor,Poor,High
7.7,201.7,0.5,0,Good,Good,Good,Good,Low
7.4,256.5,3.4,0,Good,Good,Moderate,Good,Low
7.9,217.0,4.7,5,Moderate,Good,Moderate,Moderate,Medium
5.0,334.8,1.7,11,Poor,Moderate,Moderate,Poor,High
7.9,380.0,12.6,4,Moderate,Poor,Poor,Moderate,High
8.0,170.0,0.8,0,Moderate,Moderate,Good,Good,Medium
7.1,241.8,0.4,0,Good,Good,Good,Good,Low
7.2,243.8,0.1,5,Good,Good,Good,Moderate,Low
7.4,212.4,3.7,0,Good,Good,Moderate,Good,Low
6.6,367.7,8.9,9,Moderate,Poor,Poor,Poor,High
7.6,240.2,4.7,0,Good,Good,Moderate,Good,Low
7.7,183.0,0.8,0,Good,Moderate,Good,Good,Low
7.6,226.8,4.6,0,Good,Good,Moderate,Good,Low
5.4,648.2,2.5,21,Poor,Poor,Moderate,Poor,High
7.1,207.1,1.7,2,Good,Good,Moderate,Moderate,Medium
6.7,239.1,0.2,0,Moderate,Good,Good,Good,Low
7.1,268.0,1.6,5,Good,Good,Moderate,Moderate,Medium
6.7,195.0,4.3,0,Moderate,Moderate,Moderate,Good,Medium
8.0,726.5,2.6,20,Moderate,Poor,Moderate,Poor,High
7.2,216.1,0.0,2,Good,Good,Good,Moderate,Low
6.9,234.9,4.6,4,Moderate,Good,Moderate,Moderate,Medium
7.1,201.7,2.2,0,Good,Good,Moderate,Good,Low
7.4,260.3,0.2,0,Good,Good,Good,Good,Low
7.6,155.2,4.9,2,Good,Moderate,Moderate,Moderate,Medium
6.3,536.0,8.0,28,Poor,Poor,Poor,Poor,High
7.4,577.8,6.2,9,Good,Poor,Poor,Poor,High
9.4,405.3,6.8,17,Poor,Poor,Poor,Poor,High
9.3,226.6,8.5,8,Poor,Good,Poor,Poor,High
8.1,192.7,3.5,3,Moderate,Moderate,Moderate,Moderate,Medium
6.9,247.2,3.6,5,Moderate,Good,Moderate,Moderate,Medium
6.0,776.1,9.3,8,Poor,Poor,Poor,Poor,High
7.2,265.9,0.4,5,Good,Good,Good,Moderate,Low
6.1,752.5,5.6,26,Poor,Poor,Poor,Poor,High
9.9,736.3,0.0,1,Poor,Poor,Good,Moderate,High
8.1,242.8,0.2,0,Moderate,Good,Good,Good,Low
7.2,327.0,2.8,1,Good,Moderate,Moderate,Moderate,Medium
7.4,197.7,0.9,4,Good,Moderate,Good,Moderate,Medium
7.4,308.9,0.9,1,Good,Moderate,Good,Moderate,Medium
8.3,228.3,0.1,0,Moderate,Good,Good,Good,Low
4.6,239.6,11.6,10,Poor,Good,Poor,Poor,High
9.8,339.7,14.3,29,Poor,Moderate,Poor,Poor,High
6.5,230.1,4.6,1,Moderate,Good,Moderate,Moderate,Medium
7.5,223.2,3.4,3,Good,Good,Moderate,Moderate,Medium
7.1,281.6,0.9,0,Good,Moderate,Good,Good,Low
6.9,159.9,0.7,3,Moderate,Moderate,Good,Moderate,Medium
7.4,250.0,0.5,3,Good,Good,Good,Moderate,Low
7.2,205.7,0.4,1,Good,Good,Good,Moderate,Low
6.9,228.0,0.1,0,Moderate,Good,Good,Good,Low
6.3,780.2,6.7,27,Poor,Poor,Poor,Poor,High
6.6,267.0,0.7,0,Moderate,Good,Good,Good,Low
9.1,682.7,12.0,3,Poor,Poor,Poor,Moderate,High
7.4,222.2,0.6,1,Good,Good,Good,Moderate,Low
7.2,735.1,3.5,13,Good,Poor,Moderate,Poor,High
7.1,238.6,3.6,0,Good,Good,Moderate,Good,Low
7.9,253.4,0.7,0,Moderate,Good,Good,Good,Low
6.1,199.9,0.1,26,Poor,Poor,Good,Poor,High
7.8,232.4,0.7,3,Good,Good,Good,Moderate,Low
7.7,191.6,0.9,0,Good,Moderate,Good,Good,Low
8.1,240.9,3.2,5,Moderate,Good,Moderate,Moderate,Medium
8.2,262.2,1.5,5,Moderate,Good,Moderate,Moderate,Medium
5.4,667.3,11.3,28,Poor,Poor,Poor,Poor,High
7.3,589.8,5.7,4,Good,Poor,Poor,Moderate,High
8.3,314.1,3.0,1,Moderate,Moderate,Moderate,Moderate,Medium
7.3,261.9,2.2,5,Good,Good,Moderate,Moderate,Medium
8.5,552.8,0.5,21,Moderate,Poor,Good,Poor,High
5.7,487.7,10.6,3,Poor,Poor,Poor,Moderate,High
7.3,394.9,1.9,28,Good,Poor,Moderate,Poor,High
6.7,251.0,0.8,0,Moderate,Good,Good,Good,Low
8.5,164.2,0.1,4,Moderate,Moderate,Good,Moderate,Medium
8.1,618.3,9.5,22,Moderate,Poor,Poor,Poor,High
8.4,263.8,0.3,0,Moderate,Good,Good,Good,Low
9.7,621.6,9.7,6,Poor,Poor,Poor,Poor,High
8.4,193.8,0.8,2,Moderate,Moderate,Good,Moderate,Medium
7.4,202.7,0.4,2,Good,Good,Good,Moderate,Low
7.7,249.5,0.1,2,Good,Good,Good,Moderate,Low
7.6,300.9,0.5,4,Good,Moderate,Good,Moderate,Medium
7.2,302.7,4.2,4,Good,Moderate,Moderate,Moderate,Medium
9.3,316.8,5.9,17,Poor,Moderate,Poor,Poor,High
8.6,628.5,8.7,28,Poor,Poor,Poor,Poor,High
7.2,232.0,3.1,0,Good,Good,Moderate,Good,Low
8.2,362.7,11.9,3,Moderate,Poor,Poor,Moderate,High
7.6,234.5,0.6,4,Good,Good,Good,Moderate,Low
7.6,224.8,0.6,3,Good,Good,Good,Moderate,Low
9.5,563.6,0.3,20,Poor,Poor,Good,Poor,High
7.8,298.7,1.6,5,Good,Moderate,Moderate,Moderate,Medium
7.1,247.7,4.5,0,Good,Good,Moderate,Good,Low
7.3,584.9,9.0,16,Good,Poor,Poor,Poor,High
8.0,158.5,0.9,5,Moderate,Moderate,Good,Moderate,Medium
7.1,333.2,4.2,5,Good,Moderate,Moderate,Moderate,Medium
5.5,191.2,11.8,24,Poor,Moderate,Poor,Poor,High
7.4,437.8,8.1,4,Good,Poor,Poor,Moderate,High
8.4,340.2,2.6,2,Moderate,Moderate,Moderate,Moderate,Medium
7.7,458.1,5.8,21,Good,Poor,Poor,Poor,High
5.8,631.2,10.2,27,Poor,Poor,Poor,Poor,High
9.5,615.3,12.7,27,Poor,Poor,Poor,Poor,High
7.3,286.9,3.6,0,Good,Moderate,Moderate,Good,Medium
7.8,193.2,0.0,0,Good,Moderate,Good,Good,Low
8.5,315.0,2.6,0,Moderate,Moderate,Moderate,Good,Medium
9.4,198.6,12.2,12,Poor,Moderate,Poor,Poor,High
6.6,220.1,0.7,4,Moderate,Good,Good,Moderate,Medium
7.2,216.7,0.9,2,Good,Good,Good,Moderate,Low
8.2,216.3,4.1,5,Moderate,Good,Moderate,Moderate,Medium
6.8,187.9,1.0,0,Moderate,Moderate,Moderate,Good,Medium
7.1,243.8,2.1,0,Good,Good,Moderate,Good,Low
7.6,215.4,2.6,4,Good,Good,Moderate,Moderate,Medium
8.1,101.7,12.1,17,Moderate,Poor,Poor,Poor,High
8.5,316.8,0.8,2,Moderate,Moderate,Good,Moderate,Medium
7.5,254.5,4.4,0,Good,Good,Moderate,Good,Low
7.2,204.0,0.3,1,Good,Good,Good,Moderate,Low
8.3,157.0,1.3,3,Moderate,Moderate,Moderate,Moderate,Medium
6.6,153.5,2.1,4,Moderate,Moderate,Moderate,Moderate,Medium
6.4,171.3,14.8,16,Poor,Moderate,Poor,Poor,High
7.6,314.7,0.2,0,Good,Moderate,Good,Good,Low
7.0,295.5,0.9,3,Moderate,Moderate,Good,Moderate,Medium
7.4,204.2,4.6,2,Good,Good,Moderate,Moderate,Medium
6.8,700.3,6.4,16,Moderate,Poor,Poor,Poor,High
8.5,223.4,2.9,3,Moderate,Good,Moderate,Moderate,Medium
7.0,216.3,4.1,1,Moderate,Good,Moderate,Moderate,Medium
9.5,671.3,8.3,27,Poor,Poor,Poor,Poor,High
7.6,259.0,0.7,5,Good,Good,Good,Moderate,Low
7.3,764.5,5.9,13,Good,Poor,Poor,Poor,High
6.7,281.0,4.8,0,Moderate,Moderate,Moderate,Good,Medium
7.5,303.2,0.4,1,Good,Moderate,Good,Moderate,Medium
7.5,334.1,0.8,0,Good,Moderate,Good,Good,Low
7.5,338.3,2.9,3,Good,Moderate,Moderate,Moderate,Medium
8.6,505.5,7.1,22,Poor,Poor,Poor,Poor,High
7.1,252.7,0.0,0,Good,Good,Good,Good,Low
7.3,224.5,3.0,0,Good,Good,Moderate,Good,Low
6.5,341.6,13.4,22,Moderate,Moderate,Poor,Poor,High
7.2,215.7,2.9,0,Good,Good,Moderate,Good,Low
7.5,243.5,0.2,1,Good,Good,Good,Moderate,Low
6.6,354.6,13.7,2,Moderate,Poor,Poor,Moderate,High
5.2,535.9,11.0,25,Poor,Poor,Poor,Poor,High
6.2,630.7,13.8,9,Poor,Poor,Poor,Poor,High
8.0,173.5,0.1,2,Moderate,Moderate,Good,Moderate,Medium
6.8,220.2,4.0,2,Moderate,Good,Moderate,Moderate,Medium
7.3,233.9,0.0,0,Good,Good,Good,Good,Low
7.2,220.7,2.3,0,Good,Good,Moderate,Good,Low
7.9,571.8,11.1,14,Moderate,Poor,Poor,Poor,High
5.8,644.6,10.9,6,Poor,Poor,Poor,Poor,High
7.3,290.9,0.5,2,Good,Moderate,Good,Moderate,Medium
7.0,260.7,0.1,0,Moderate,Good,Good,Good,Low
7.1,212.4,3.6,0,Good,Good,Moderate,Good,Low
7.9,363.7,14.5,0,Moderate,Poor,Poor,Good,High
7.7,432.0,2.2,18,Good,Poor,Moderate,Poor,High
7.6,260.8,4.1,4,Good,Good,Moderate,Moderate,Medium
7.2,256.9,0.9,0,Good,Good,Good,Good,Low
9.7,230.7,8.6,4,Poor,Good,Poor,Moderate,High
8.0,216.4,0.1,0,Moderate,Good,Good,Good,Low
7.8,225.6,0.6,5,Good,Good,Good,Moderate,Low
7.3,218.5,4.1,0,Good,Good,Moderate,Good,Low
7.0,238.0,1.2,3,Moderate,Good,Moderate,Moderate,Medium
7.5,205.6,0.6,4,Good,Good,Good,Moderate,Low
7.1,103.2,11.3,22,Good,Poor,Poor,Poor,High
7.7,248.4,0.0,2,Good,Good,Good,Moderate,Low
7.7,218.2,0.1,4,Good,Good,Good,Moderate,Low
7.3,341.3,0.1,0,Good,Moderate,Good,Good,Low
8.4,296.9,2.4,3,Moderate,Moderate,Moderate,Moderate,Medium
8.5,639.6,3.7,1,Moderate,Poor,Moderate,Moderate,High
6.6,159.3,12.6,24,Moderate,Moderate,Poor,Poor,High
7.3,161.4,0.7,0,Good,Moderate,Good,Good,Low
7.4,264.0,2.4,0,Good,Good,Moderate,Good,Low
8.0,250.0,1.7,2,Moderate,Good,Moderate,Moderate,Medium
7.3,247.7,0.9,1,Good,Good,Good,Moderate,Low
7.7,157.3,0.6,1,Good,Moderate,Good,Moderate,Medium
7.6,217.6,0.2,3,Good,Good,Good,Moderate,Low
8.0,225.5,0.3,5,Moderate,Good,Good,Moderate,Medium
7.7,266.3,0.2,3,Good,Good,Good,Moderate,Low
6.9,152.0,2.0,3,Moderate,Moderate,Moderate,Moderate,Medium
6.1,368.2,10.4,6,Poor,Poor,Poor,Poor,High
7.3,227.6,0.4,1,Good,Good,Good,Moderate,Low
4.5,458.5,13.0,24,Poor,Poor,Poor,Poor,High
8.5,743.6,0.8,3,Moderate,Poor,Good,Moderate,High
8.4,295.0,9.6,21,Moderate,Moderate,Poor,Poor,High
8.0,240.6,0.4,0,Moderate,Good,Good,Good,Low
7.1,200.0,3.9,0,Good,Good,Moderate,Good,Low
7.2,338.6,1.3,3,Good,Moderate,Moderate,Moderate,Medium
7.6,250.3,3.2,0,Good,Good,Moderate,Good,Low
7.4,265.6,3.3,5,Good,Good,Moderate,Moderate,Medium
5.9,166.3,8.6,5,Poor,Moderate,Poor,Moderate,High
7.9,187.3,1.1,3,Moderate,Moderate,Moderate,Moderate,Medium
7.0,237.2,4.7,15,Moderate,Good,Moderate,Poor,High
8.1,169.1,3.3,5,Moderate,Moderate,Moderate,Moderate,Medium
7.7,320.9,4.2,4,Good,Moderate,Moderate,Moderate,Medium
7.5,243.8,0.6,0,Good,Good,Good,Good,Low
9.3,796.2,9.2,9,Poor,Poor,Poor,Poor,High
7.7,303.9,0.2,0,Good,Moderate,Good,Good,Low
7.0,267.0,0.3,0,Moderate,Good,Good,Good,Low
6.7,159.8,1.8,4,Moderate,Moderate,Moderate,Moderate,Medium
7.5,215.2,2.4,2,Good,Good,Moderate,Moderate,Medium
6.7,227.2,0.7,0,Moderate,Good,Good,Good,Low
8.3,233.3,0.2,5,Moderate,Good,Good,Moderate,Medium
8.7,639.5,11.4,5,Poor,Poor,Poor,Moderate,High
9.0,193.2,10.4,26,Poor,Moderate,Poor,Poor,High
6.5,629.5,4.1,9,Moderate,Poor,Moderate,Poor,High
7.8,282.2,0.4,0,Good,Moderate,Good,Good,Low
7.6,411.8,7.1,16,Good,Poor,Poor,Poor,High
7.2,321.5,0.5,0,Good,Moderate,Good,Good,Low
7.6,219.7,0.1,2,Good,Good,Good,Moderate,Low
6.6,204.2,0.9,5,Moderate,Good,Good,Moderate,Medium
7.3,208.9,0.9,2,Good,Good,Good,Moderate,Low
6.9,201.0,0.4,3,Moderate,Good,Good,Moderate,Medium
7.5,267.8,0.5,3,Good,Good,Good,Moderate,Low
9.8,595.9,6.4,25,Poor,Poor,Poor,Poor,High
7.9,743.3,14.0,17,Moderate,Poor,Poor,Poor,High
7.5,235.6,3.8,0,Good,Good,Moderate,Good,Low
7.9,154.1,0.1,0,Moderate,Moderate,Good,Good,Medium
4.8,270.6,4.3,17,Poor,Poor,Moderate,Poor,High
7.7,207.1,3.8,0,Good,Good,Moderate,Good,Low
7.5,296.3,13.6,4,Good,Moderate,Poor,Moderate,High
7.3,287.2,0.7,0,Good,Moderate,Good,Good,Low
8.8,278.0,10.8,4,Poor,Moderate,Poor,Moderate,High
7.5,292.4,0.7,0,Good,Moderate,Good,Good,Low
8.5,338.0,4.4,5,Moderate,Moderate,Moderate,Moderate,Medium
7.2,151.5,0.5,1,Good,Moderate,Good,Moderate,Medium
7.7,206.2,0.3,3,Good,Good,Good,Moderate,Low
6.7,163.0,0.7,2,Moderate,Moderate,Good,Moderate,Medium
6.6,130.5,3.5,16,Moderate,Poor,Moderate,Poor,High
6.8,347.2,3.2,0,Moderate,Moderate,Moderate,Good,Medium
8.9,105.0,8.1,16,Poor,Poor,Poor,Poor,High
6.5,238.3,2.4,0,Moderate,Good,Moderate,Good,Medium
7.8,177.3,4.4,0,Good,Moderate,Moderate,Good,Medium
8.1,296.5,4.3,2,Moderate,Moderate,Moderate,Moderate,Medium
6.8,287.7,0.9,3,Moderate,Moderate,Good,Moderate,Medium
7.7,217.3,0.3,3,Good,Good,Good,Moderate,Low
7.7,160.8,0.8,3,Good,Moderate,Good,Moderate,Medium
8.5,231.4,4.6,5,Moderate,Good,Moderate,Moderate,Medium
7.2,310.2,0.8,0,Good,Moderate,Good,Good,Low
7.8,282.1,1.8,3,Good,Moderate,Moderate,Moderate,Medium
9.1,606.0,10.5,22,Poor,Poor,Poor,Poor,High
7.4,253.0,0.5,1,Good,Good,Good,Moderate,Low
8.1,169.7,0.3,5,Moderate,Moderate,Good,Moderate,Medium
6.3,61.7,14.0,21,Poor,Poor,Poor,Poor,High
7.5,200.7,0.6,3,Good,Good,Good,Moderate,Low
7.4,202.2,1.4,0,Good,Good,Moderate,Good,Low
7.5,236.4,0.8,3,Good,Good,Good,Moderate,Low
7.6,263.1,3.3,0,Good,Good,Moderate,Good,Low
8.4,189.0,4.8,2,Moderate,Moderate,Moderate,Moderate,Medium
6.6,187.4,0.1,2,Moderate,Moderate,Good,Moderate,Medium
7.4,184.6,0.2,0,Good,Moderate,Good,Good,Low
7.2,348.5,1.9,0,Good,Moderate,Moderate,Good,Medium
7.5,231.7,3.7,0,Good,Good,Moderate,Good,Low
7.0,202.3,0.0,4,Moderate,Good,Good,Moderate,Medium
9.1,118.0,8.0,10,Poor,Poor,Poor,Poor,High
6.4,192.2,9.5,24,Poor,Moderate,Poor,Poor,High
9.6,500.5,2.6,6,Poor,Poor,Moderate,Poor,High
7.6,302.1,3.1,1,Good,Moderate,Moderate,Moderate,Medium
7.3,216.2,1.1,0,Good,Good,Moderate,Good,Low
8.4,231.2,0.6,0,Moderate,Good,Good,Good,Low
7.1,210.4,0.7,1,Good,Good,Good,Moderate,Low
7.1,198.0,0.3,0,Good,Moderate,Good,Good,Low
7.2,230.4,0.0,3,Good,Good,Good,Moderate,Low
6.2,702.3,4.0,17,Poor,Poor,Moderate,Poor,High
9.7,195.9,11.6,27,Poor,Moderate,Poor,Poor,High
6.7,282.1,1.4,0,Moderate,Moderate,Moderate,Good,Medium
6.9,336.2,4.6,1,Moderate,Moderate,Moderate,Moderate,Medium
9.0,395.1,10.1,17,Poor,Poor,Poor,Poor,High
9.6,301.6,14.2,19,Poor,Moderate,Poor,Poor,High
5.7,253.2,12.6,7,Poor,Good,Poor,Poor,High
9.5,734.3,14.0,5,Poor,Poor,Poor,Moderate,High
7.2,346.1,0.4,0,Good,Moderate,Good,Good,Low
7.4,204.5,0.7,4,Good,Good,Good,Moderate,Low
6.5,309.9,1.3,2,Moderate,Moderate,Moderate,Moderate,Medium
6.5,292.6,2.0,3,Moderate,Moderate,Moderate,Moderate,Medium
7.8,300.6,2.2,2,Good,Moderate,Moderate,Moderate,Medium
7.1,331.9,0.9,0,Good,Moderate,Good,Good,Low
8.3,249.8,1.6,1,Moderate,Good,Moderate,Moderate,Medium
5.2,238.5,2.3,10,Poor,Good,Moderate,Poor,High
5.7,349.2,8.5,0,Poor,Moderate,Poor,Good,High
7.6,220.7,1.4,3,Good,Good,Moderate,Moderate,Medium
7.2,237.0,2.9,0,Good,Good,Moderate,Good,Low
7.1,255.5,2.6,0,Good,Good,Moderate,Good,Low
7.1,251.7,3.0,3,Good,Good,Moderate,Moderate,Medium
7.9,238.5,0.3,0,Moderate,Good,Good,Good,Low
5.8,571.6,11.3,17,Poor,Poor,Poor,Poor,High
7.8,232.5,1.3,0,Good,Good,Moderate,Good,Low
7.0,314.3,0.6,5,Moderate,Moderate,Good,Moderate,Medium
6.8,287.6,0.9,2,Moderate,Moderate,Good,Moderate,Medium
8.3,290.8,2.1,5,Moderate,Moderate,Moderate,Moderate,Medium
7.2,225.9,3.5,0,Good,Good,Moderate,Good,Low
7.2,210.2,0.2,0,Good,Good,Good,Good,Low
7.4,186.0,0.6,0,Good,Moderate,Good,Good,Low
5.0,403.8,12.5,17,Poor,Poor,Poor,Poor,High
5.2,214.8,6.0,19,Poor,Good,Poor,Poor,High
6.7,249.4,0.7,3,Moderate,Good,Good,Moderate,Medium
7.7,210.0,4.9,0,Good,Good,Moderate,Good,Low
7.5,255.2,0.3,0,Good,Good,Good,Good,Low
8.3,63.9,8.9,23,Moderate,Poor,Poor,Poor,High
6.8,742.2,8.0,9,Moderate,Poor,Poor,Poor,High
7.2,188.1,0.8,0,Good,Moderate,Good,Good,Low
5.9,70.3,2.5,17,Poor,Poor,Moderate,Poor,High
7.5,231.7,1.4,0,Good,Good,Moderate,Good,Low
6.5,276.3,0.3,3,Moderate,Moderate,Good,Moderate,Medium
7.1,336.2,0.4,0,Good,Moderate,Good,Good,Low
7.8,201.7,2.3,0,Good,Good,Moderate,Good,Low
9.6,724.9,14.5,8,Poor,Poor,Poor,Poor,High
9.9,756.9,9.3,5,Poor,Poor,Poor,Moderate,High
8.5,169.8,4.9,1,Moderate,Moderate,Moderate,Moderate,Medium
8.4,372.0,11.9,16,Moderate,Poor,Poor,Poor,High
7.4,630.9,9.5,3,Good,Poor,Poor,Moderate,High
6.0,146.3,0.9,17,Poor,Poor,Good,Poor,High
7.2,239.9,2.0,0,Good,Good,Moderate,Good,Low
8.1,268.0,0.1,0,Moderate,Good,Good,Good,Low
7.5,206.3,0.8,0,Good,Good,Good,Good,Low
6.2,251.3,9.2,24,Poor,Good,Poor,Poor,High
9.8,161.0,9.0,19,Poor,Moderate,Poor,Poor,High
8.1,172.8,2.6,1,Moderate,Moderate,Moderate,Moderate,Medium
8.5,204.5,1.7,5,Moderate,Good,Moderate,Moderate,Medium
7.4,174.4,0.3,0,Good,Moderate,Good,Good,Low
7.2,166.6,3.1,1,Good,Moderate,Moderate,Moderate,Medium
4.5,559.2,12.1,22,Poor,Poor,Poor,Poor,High
7.0,242.3,0.5,0,Moderate,Good,Good,Good,Low
8.8,347.0,0.0,17,Poor,Moderate,Good,Poor,High
7.4,236.0,0.1,1,Good,Good,Good,Moderate,Low
6.5,628.3,0.2,0,Moderate,Poor,Good,Good,High
7.6,331.8,1.9,1,Good,Moderate,Moderate,Moderate,Medium
7.4,204.1,2.0,5,Good,Good,Moderate,Moderate,Medium
6.5,319.3,3.3,1,Moderate,Moderate,Moderate,Moderate,Medium
7.1,208.9,0.6,1,Good,Good,Good,Moderate,Low
7.0,284.3,0.6,2,Moderate,Moderate,Good,Moderate,Medium
7.2,341.5,0.4,0,Good,Moderate,Good,Good,Low
8.4,280.9,1.4,5,Moderate,Moderate,Moderate,Moderate,Medium
7.6,257.7,7.2,26,Good,Good,Poor,Poor,High
7.7,236.4,1.9,0,Good,Good,Moderate,Good,Low
8.4,207.6,0.7,4,Moderate,Good,Good,Moderate,Medium
8.0,196.0,2.5,3,Moderate,Moderate,Moderate,Moderate,Medium
6.5,209.9,0.0,4,Moderate,Good,Good,Moderate,Medium
7.8,191.0,2.2,4,Good,Moderate,Moderate,Moderate,Medium
9.2,557.3,1.3,9,Poor,Poor,Moderate,Poor,High
5.2,84.4,9.6,5,Poor,Poor,Poor,Moderate,High
7.5,340.2,0.8,0,Good,Moderate,Good,Good,Low
6.7,266.2,0.0,0,Moderate,Good,Good,Good,Low
6.7,228.9,0.7,0,Moderate,Good,Good,Good,Low
7.3,230.7,0.2,0,Good,Good,Good,Good,Low
6.9,291.8,3.1,1,Moderate,Moderate,Moderate,Moderate,Medium
7.7,231.0,0.5,2,Good,Good,Good,Moderate,Low
8.1,190.2,1.3,5,Moderate,Moderate,Moderate,Moderate,Medium
7.8,158.6,1.1,1,Good,Moderate,Moderate,Moderate,Medium
6.3,125.1,14.6,0,Poor,Poor,Poor,Good,High
7.8,222.4,0.1,3,Good,Good,Good,Moderate,Low
5.3,167.7,3.5,10,Poor,Moderate,Moderate,Poor,High
8.6,409.3,13.5,1,Poor,Poor,Poor,Moderate,High
7.2,296.5,1.3,4,Good,Moderate,Moderate,Moderate,Medium
8.5,326.9,0.6,3,Moderate,Moderate,Good,Moderate,Medium
7.4,322.5,1.0,0,Good,Moderate,Moderate,Good,Medium
7.8,335.2,0.5,0,Good,Moderate,Good,Good,Low
8.4,237.0,4.5,5,Moderate,Good,Moderate,Moderate,Medium
6.6,269.0,0.9,1,Moderate,Good,Good,Moderate,Medium
8.4,219.3,1.2,3,Moderate,Good,Moderate,Moderate,Medium
8.0,302.3,3.8,2,Moderate,Moderate,Moderate,Moderate,Medium
6.7,349.7,4.4,1,Moderate,Moderate,Moderate,Moderate,Medium
7.6,214.5,0.4,4,Good,Good,Good,Moderate,Low
7.8,203.8,0.8,2,Good,Good,Good,Moderate,Low
6.5,246.4,3.9,0,Moderate,Good,Moderate,Good,Medium
7.9,220.5,1.2,4,Moderate,Good,Moderate,Moderate,Medium
8.0,310.9,3.3,0,Moderate,Moderate,Moderate,Good,Medium
9.9,748.7,12.8,17,Poor,Poor,Poor,Poor,High
6.5,186.4,4.6,2,Moderate,Moderate,Moderate,Moderate,Medium
7.2,226.5,2.5,0,Good,Good,Moderate,Good,Low
7.4,237.1,0.0,3,Good,Good,Good,Moderate,Low
7.6,259.0,7.1,8,Good,Good,Poor,Poor,High
9.8,90.0,2.5,25,Poor,Poor,Moderate,Poor,High
7.6,336.0,8.3,18,Good,Moderate,Poor,Poor,High
5.9,353.0,6.0,16,Poor,Poor,Poor,Poor,High
8.4,323.8,0.5,2,Moderate,Moderate,Good,Moderate,Medium
5.6,555.0,10.9,1,Poor,Poor,Poor,Moderate,High
5.3,191.9,13.6,22,Poor,Moderate,Poor,Poor,High
7.7,267.0,0.9,5,Good,Good,Good,Moderate,Low
7.1,223.5,0.1,4,Good,Good,Good,Moderate,Low
7.5,309.1,0.4,0,Good,Moderate,Good,Good,Low
9.0,376.7,5.1,10,Poor,Poor,Poor,Poor,High
6.5,346.1,0.0,3,Moderate,Moderate,Good,Moderate,Medium
7.7,251.1,0.8,5,Good,Good,Good,Moderate,Low
8.4,394.2,2.7,1,Moderate,Poor,Moderate,Moderate,High
6.7,235.9,0.5,0,Moderate,Good,Good,Good,Low
6.9,244.9,3.0,0,Moderate,Good,Moderate,Good,Medium
7.1,229.0,0.2,0,Good,Good,Good,Good,Low
7.6,202.1,0.0,0,Good,Good,Good,Good,Low
9.6,439.5,1.2,27,Poor,Poor,Moderate,Poor,High
7.3,308.5,1.2,4,Good,Moderate,Moderate,Moderate,Medium
6.9,255.9,0.3,0,Moderate,Good,Good,Good,Low
7.9,261.7,0.7,0,Moderate,Good,Good,Good,Low
7.5,220.1,3.5,0,Good,Good,Moderate,Good,Low
7.4,330.3,5.7,13,Good,Moderate,Poor,Poor,High
8.4,193.4,2.9,5,Moderate,Moderate,Moderate,Moderate,Medium
4.7,93.9,1.7,8,Poor,Poor,Moderate,Poor,High
7.2,336.4,0.3,0,Good,Moderate,Good,Good,Low
7.4,241.9,4.3,0,Good,Good,Moderate,Good,Low
7.1,246.6,4.5,0,Good,Good,Moderate,Good,Low
6.7,258.9,1.9,2,Moderate,Good,Moderate,Moderate,Medium
6.5,176.6,3.7,2,Moderate,Moderate,Moderate,Moderate,Medium
8.3,330.9,4.4,4,Moderate,Moderate,Moderate,Moderate,Medium
8.5,328.5,4.4,5,Moderate,Moderate,Moderate,Moderate,Medium
9.4,89.6,6.6,14,Poor,Poor,Poor,Poor,High
7.7,220.0,0.6,3,Good,Good,Good,Moderate,Low
6.6,241.4,0.1,4,Moderate,Good,Good,Moderate,Medium
7.5,332.0,0.6,0,Good,Moderate,Good,Good,Low
7.4,219.8,0.1,3,Good,Good,Good,Moderate,Low
6.9,287.2,1.4,4,Moderate,Moderate,Moderate,Moderate,Medium
6.8,733.9,9.5,15,Moderate,Poor,Poor,Poor,High
7.2,213.1,2.0,0,Good,Good,Moderate,Good,Low
6.5,269.2,0.5,0,Moderate,Good,Good,Good,Low
7.6,301.0,0.8,0,Good,Moderate,Good,Good,Low
4.9,720.0,0.4,21,Poor,Poor,Good,Poor,High
7.9,274.5,4.5,5,Moderate,Moderate,Moderate,Moderate,Medium
6.6,286.9,2.7,4,Moderate,Moderate,Moderate,Moderate,Medium
7.0,251.6,0.8,0,Moderate,Good,Good,Good,Low
7.2,203.5,0.9,2,Good,Good,Good,Moderate,Low
7.6,236.0,3.6,0,Good,Good,Moderate,Good,Low
7.0,242.8,0.1,0,Moderate,Good,Good,Good,Low
7.6,273.6,0.1,0,Good,Moderate,Good,Good,Low
9.1,653.0,0.4,11,Poor,Poor,Good,Poor,High
7.6,203.0,0.7,3,Good,Good,Good,Moderate,Low
9.3,540.7,2.0,8,Poor,Poor,Moderate,Poor,High
7.1,212.8,0.4,3,Good,Good,Good,Moderate,Low
7.1,586.2,10.2,5,Good,Poor,Poor,Moderate,High
9.2,211.7,5.6,14,Poor,Good,Poor,Poor,High
7.5,218.7,1.8,0,Good,Good,Moderate,Good,Low
9.2,530.7,5.6,15,Poor,Poor,Poor,Poor,High
6.1,684.0,7.4,16,Poor,Poor,Poor,Poor,High
6.7,210.8,4.0,3,Moderate,Good,Moderate,Moderate,Medium
8.0,271.7,4.9,0,Moderate,Moderate,Moderate,Good,Medium
7.9,323.4,0.0,5,Moderate,Moderate,Good,Moderate,Medium
7.8,327.5,0.0,0,Good,Moderate,Good,Good,Low
8.3,321.2,4.2,3,Moderate,Moderate,Moderate,Moderate,Medium
7.6,215.9,2.2,0,Good,Good,Moderate,Good,Low
8.4,343.1,0.2,1,Moderate,Moderate,Good,Moderate,Medium
6.9,324.7,1.8,5,Moderate,Moderate,Moderate,Moderate,Medium
7.1,204.3,1.7,3,Good,Good,Moderate,Moderate,Medium
8.2,178.8,1.7,5,Moderate,Moderate,Moderate,Moderate,Medium
7.5,720.7,3.8,17,Good,Poor,Moderate,Poor,High
7.3,247.8,3.4,4,Good,Good,Moderate,Moderate,Medium
7.1,281.6,2.9,2,Good,Moderate,Moderate,Moderate,Medium
5.7,89.8,8.4,13,Poor,Poor,Poor,Poor,High
7.5,288.2,0.3,0,Good,Moderate,Good,Good,Low
5.8,296.5,7.8,6,Poor,Moderate,Poor,Poor,High
7.3,163.4,3.3,1,Good,Moderate,Moderate,Moderate,Medium
4.6,578.1,6.1,10,Poor,Poor,Poor,Poor,High
8.4,279.8,0.5,0,Moderate,Moderate,Good,Good,Medium
5.8,63.4,7.4,11,Poor,Poor,Poor,Poor,High
7.1,255.6,1.1,0,Good,Good,Moderate,Good,Low
7.4,250.4,0.6,5,Good,Good,Good,Moderate,Low
7.1,209.3,0.2,2,Good,Good,Good,Moderate,Low
8.1,241.8,3.4,0,Moderate,Good,Moderate,Good,Medium
6.7,271.3,2.0,2,Moderate,Moderate,Moderate,Moderate,Medium
7.5,205.8,0.3,4,Good,Good,Good,Moderate,Low
7.2,317.1,0.9,0,Good,Moderate,Good,Good,Low
6.5,233.0,2.2,0,Moderate,Good,Moderate,Good,Medium
5.4,690.7,0.3,28,Poor,Poor,Good,Poor,High
4.9,573.5,4.3,0,Poor,Poor,Moderate,Good,High
9.5,323.9,1.0,15,Poor,Moderate,Moderate,Poor,High
5.4,592.5,9.1,24,Poor,Poor,Poor,Poor,High
7.3,208.2,2.9,0,Good,Good,Moderate,Good,Low
9.0,449.5,3.2,18,Poor,Poor,Moderate,Poor,High
7.7,268.6,4.8,0,Good,Good,Moderate,Good,Low
8.5,243.5,2.4,5,Moderate,Good,Moderate,Moderate,Medium
6.9,241.7,0.2,0,Moderate,Good,Good,Good,Low
8.3,156.6,4.4,3,Moderate,Moderate,Moderate,Moderate,Medium
7.6,254.5,0.4,5,Good,Good,Good,Moderate,Low
6.0,449.3,2.3,16,Poor,Poor,Moderate,Poor,High
6.6,169.0,3.9,2,Moderate,Moderate,Moderate,Moderate,Medium
7.5,239.8,0.7,4,Good,Good,Good,Moderate,Low
8.4,325.1,4.0,4,Moderate,Moderate,Moderate,Moderate,Medium
7.9,314.9,2.1,5,Moderate,Moderate,Moderate,Moderate,Medium
9.1,791.3,2.5,5,Poor,Poor,Moderate,Moderate,High
9.0,514.0,5.2,19,Poor,Poor,Poor,Poor,High
7.3,165.2,0.6,0,Good,Moderate,Good,Good,Low
7.3,227.0,1.9,0,Good,Good,Moderate,Good,Low
7.8,228.4,0.1,0,Good,Good,Good,Good,Low
5.3,688.9,9.5,27,Poor,Poor,Poor,Poor,High
7.5,265.9,0.5,4,Good,Good,Good,Moderate,Low
8.0,216.9,0.1,5,Moderate,Good,Good,Moderate,Medium
7.3,309.0,2.6,5,Good,Moderate,Moderate,Moderate,Medium
7.2,262.2,0.5,2,Good,Good,Good,Moderate,Low
7.8,263.0,1.2,0,Good,Good,Moderate,Good,Low
9.2,371.2,9.2,27,Poor,Poor,Poor,Poor,High
6.8,152.1,11.5,23,Moderate,Moderate,Poor,Poor,High
7.3,265.8,0.3,5,Good,Good,Good,Moderate,Low
6.5,766.5,6.9,12,Moderate,Poor,Poor,Poor,High
6.7,65.2,5.7,10,Moderate,Poor,Poor,Poor,High
7.9,231.1,2.1,5,Moderate,Good,Moderate,Moderate,Medium
7.2,208.3,1.7,0,Good,Good,Moderate,Good,Low
7.7,220.0,2.3,3,Good,Good,Moderate,Moderate,Medium
7.2,264.0,2.1,0,Good,Good,Moderate,Good,Low
8.3,218.1,2.8,2,Moderate,Good,Moderate,Moderate,Medium
7.9,339.5,1.5,0,Moderate,Moderate,Moderate,Good,Medium
7.3,205.8,0.3,4,Good,Good,Good,Moderate,Low
8.2,193.2,2.1,0,Moderate,Moderate,Moderate,Good,Medium
6.9,272.3,10.4,8,Moderate,Moderate,Poor,Poor,High
7.0,787.3,9.6,7,Moderate,Poor,Poor,Poor,High
8.4,248.3,3.4,0,Moderate,Good,Moderate,Good,Medium
6.7,507.1,4.9,19,Moderate,Poor,Moderate,Poor,High
7.1,224.6,0.8,0,Good,Good,Good,Good,Low
8.4,181.2,1.4,0,Moderate,Moderate,Moderate,Good,Medium
7.5,260.7,0.9,2,Good,Good,Good,Moderate,Low
9.1,636.7,3.3,20,Poor,Poor,Moderate,Poor,High
7.3,268.0,0.2,2,Good,Good,Good,Moderate,Low
6.6,179.9,0.5,1,Moderate,Moderate,Good,Moderate,Medium
4.5,316.8,3.2,22,Poor,Moderate,Moderate,Poor,High
7.5,236.6,2.0,0,Good,Good,Moderate,Good,Low
7.6,328.5,1.0,5,Good,Moderate,Moderate,Moderate,Medium
8.0,308.6,3.2,3,Moderate,Moderate,Moderate,Moderate,Medium
7.2,517.1,7.7,15,Good,Poor,Poor,Poor,High
6.8,333.3,2.8,3,Moderate,Moderate,Moderate,Moderate,Medium
4.7,272.6,5.3,9,Poor,Moderate,Poor,Poor,High
7.3,316.5,2.2,5,Good,Moderate,Moderate,Moderate,Medium
4.7,498.0,2.4,24,Poor,Poor,Moderate,Poor,High
7.0,284.0,2.6,3,Moderate,Moderate,Moderate,Moderate,Medium
7.5,271.3,0.5,0,Good,Moderate,Good,Good,Low
8.4,300.4,1.8,5,Moderate,Moderate,Moderate,Moderate,Medium
7.7,249.1,4.4,0,Good,Good,Moderate,Good,Low
6.1,410.0,11.5,9,Poor,Poor,Poor,Poor,High
7.4,203.1,3.2,0,Good,Good,Moderate,Good,Low
6.9,229.7,0.9,0,Moderate,Good,Good,Good,Low
7.7,218.4,1.3,3,Good,Good,Moderate,Moderate,Medium
7.7,719.8,7.8,3,Good,Poor,Poor,Moderate,High
8.2,339.6,1.4,5,Moderate,Moderate,Moderate,Moderate,Medium
6.6,243.6,3.8,0,Moderate,Good,Moderate,Good,Medium
7.8,308.7,0.4,0,Good,Moderate,Good,Good,Low
8.6,532.8,6.1,24,Poor,Poor,Poor,Poor,High
6.5,313.6,0.1,3,Moderate,Moderate,Good,Moderate,Medium
10.0,574.8,0.9,8,Poor,Poor,Good,Poor,High
7.6,239.2,10.6,21,Good,Good,Poor,Poor,High
7.8,316.9,0.0,4,Good,Moderate,Good,Moderate,Medium
7.2,210.9,1.7,0,Good,Good,Moderate,Good,Low
9.3,244.7,4.3,26,Poor,Good,Moderate,Poor,High
7.8,249.0,3.3,0,Good,Good,Moderate,Good,Low
9.0,264.4,13.5,20,Poor,Good,Poor,Poor,High
7.3,263.8,3.2,0,Good,Good,Moderate,Good,Low
7.3,245.5,0.0,2,Good,Good,Good,Moderate,Low
7.2,226.9,0.2,5,Good,Good,Good,Moderate,Low
7.3,232.2,4.9,0,Good,Good,Moderate,Good,Low
5.4,598.8,8.0,21,Poor,Poor,Poor,Poor,High
7.1,257.0,2.9,0,Good,Good,Moderate,Good,Low
9.0,485.8,9.1,19,Poor,Poor,Poor,Poor,High
7.7,238.8,0.6,3,Good,Good,Good,Moderate,Low
7.5,208.6,0.5,3,Good,Good,Good,Moderate,Low
7.4,209.9,2.5,2,Good,Good,Moderate,Moderate,Medium
6.6,304.2,4.7,4,Moderate,Moderate,Moderate,Moderate,Medium
6.6,171.1,3.4,0,Moderate,Moderate,Moderate,Good,Medium
7.7,258.9,4.6,2,Good,Good,Moderate,Moderate,Medium
5.0,291.3,12.9,7,Poor,Moderate,Poor,Poor,High
6.8,362.9,5.2,16,Moderate,Poor,Poor,Poor,High
6.8,155.3,3.7,3,Moderate,Moderate,Moderate,Moderate,Medium
6.1,180.1,9.2,5,Poor,Moderate,Poor,Moderate,High
6.2,581.7,13.1,3,Poor,Poor,Poor,Moderate,High
7.4,340.4,0.8,3,Good,Moderate,Good,Moderate,Medium
6.7,559.1,5.2,11,Moderate,Poor,Poor,Poor,High
6.5,267.8,0.6,0,Moderate,Good,Good,Good,Low
7.4,226.8,0.2,1,Good,Good,Good,Moderate,Low
7.6,259.6,3.6,0,Good,Good,Moderate,Good,Low
7.8,267.5,0.4,1,Good,Good,Good,Moderate,Low
6.8,213.6,11.7,13,Moderate,Good,Poor,Poor,High
7.3,246.9,0.3,2,Good,Good,Good,Moderate,Low
6.5,268.4,0.1,0,Moderate,Good,Good,Good,Low
6.5,210.9,0.8,0,Moderate,Good,Good,Good,Low
9.6,239.8,6.4,29,Poor,Good,Poor,Poor,High
7.4,372.5,1.6,24,Good,Poor,Moderate,Poor,High
7.0,340.4,1.0,0,Moderate,Moderate,Moderate,Good,Medium
8.2,193.9,0.7,0,Moderate,Moderate,Good,Good,Medium
6.1,343.5,3.7,3,Poor,Moderate,Moderate,Moderate,High
7.1,208.0,4.7,0,Good,Good,Moderate,Good,Low
8.9,726.5,11.5,16,Poor,Poor,Poor,Poor,High
7.8,234.1,1.9,3,Good,Good,Moderate,Moderate,Medium
7.1,217.2,4.1,0,Good,Good,Moderate,Good,Low
6.9,798.7,9.7,23,Moderate,Poor,Poor,Poor,High
7.8,238.6,0.7,4,Good,Good,Good,Moderate,Low
8.1,201.8,0.5,3,Moderate,Good,Good,Moderate,Medium
7.2,232.4,0.5,0,Good,Good,Good,Good,Low
6.0,679.2,0.8,16,Poor,Poor,Good,Poor,High
8.2,209.8,2.9,4,Moderate,Good,Moderate,Moderate,Medium
9.9,261.3,6.4,14,Poor,Good,Poor,Poor,High
7.8,286.2,3.9,5,Good,Moderate,Moderate,Moderate,Medium
8.1,307.3,0.3,3,Moderate,Moderate,Good,Moderate,Medium
7.8,246.2,0.8,5,Good,Good,Good,Moderate,Low
7.0,209.0,0.4,0,Moderate,Good,Good,Good,Low
7.4,253.5,1.3,0,Good,Good,Moderate,Good,Low
7.6,261.6,2.0,5,Good,Good,Moderate,Moderate,Medium
5.7,257.1,12.0,18,Poor,Good,Poor,Poor,High
8.5,339.3,4.7,4,Moderate,Moderate,Moderate,Moderate,Medium
8.5,796.0,1.9,10,Moderate,Poor,Moderate,Poor,High
5.4,402.4,8.6,17,Poor,Poor,Poor,Poor,High
7.1,163.9,0.3,0,Good,Moderate,Good,Good,Low
7.6,189.4,4.8,18,Good,Moderate,Moderate,Poor,High
7.4,269.5,0.0,1,Good,Good,Good,Moderate,Low
7.2,324.6,7.4,22,Good,Moderate,Poor,Poor,High
7.6,286.0,0.6,0,Good,Moderate,Good,Good,Low
7.4,308.4,4.7,2,Good,Moderate,Moderate,Moderate,Medium
6.8,311.4,3.2,2,Moderate,Moderate,Moderate,Moderate,Medium
7.7,232.5,0.3,0,Good,Good,Good,Good,Low
7.3,192.9,0.2,0,Good,Moderate,Good,Good,Low
6.9,269.1,1.7,5,Moderate,Good,Moderate,Moderate,Medium
7.1,221.1,0.2,5,Good,Good,Good,Moderate,Low
7.5,200.5,2.9,0,Good,Good,Moderate,Good,Low
7.9,84.6,11.3,3,Moderate,Poor,Poor,Moderate,High
6.6,343.8,4.5,5,Moderate,Moderate,Moderate,Moderate,Medium
7.1,205.3,0.2,5,Good,Good,Good,Moderate,Low
9.7,756.8,1.2,24,Poor,Poor,Moderate,Poor,High
7.1,204.9,0.6,0,Good,Good,Good,Good,Low
7.5,326.3,0.0,0,Good,Moderate,Good,Good,Low
7.6,160.4,0.4,0,Good,Moderate,Good,Good,Low
6.8,341.7,0.6,5,Moderate,Moderate,Good,Moderate,Medium
8.5,235.4,0.9,0,Moderate,Good,Good,Good,Low
6.4,280.1,13.6,2,Poor,Moderate,Poor,Moderate,High
6.9,334.3,3.9,5,Moderate,Moderate,Moderate,Moderate,Medium
7.3,250.5,2.8,1,Good,Good,Moderate,Moderate,Medium
5.4,704.8,13.5,23,Poor,Poor,Poor,Poor,High
8.1,338.4,7.3,11,Moderate,Moderate,Poor,Poor,High
6.1,555.7,13.1,14,Poor,Poor,Poor,Poor,High
4.8,756.5,3.8,26,Poor,Poor,Moderate,Poor,High
6.8,268.0,0.7,0,Moderate,Good,Good,Good,Low
7.8,235.5,3.8,0,Good,Good,Moderate,Good,Low
7.2,272.8,3.3,0,Good,Moderate,Moderate,Good,Medium
6.5,308.3,1.4,0,Moderate,Moderate,Moderate,Good,Medium
7.7,226.3,4.0,4,Good,Good,Moderate,Moderate,Medium
6.2,640.5,11.4,13,Poor,Poor,Poor,Poor,High
8.7,102.5,4.3,16,Poor,Poor,Moderate,Poor,High
8.2,235.6,3.8,0,Moderate,Good,Moderate,Good,Medium
7.7,202.6,4.2,0,Good,Good,Moderate,Good,Low
9.4,109.4,12.8,14,Poor,Poor,Poor,Poor,High
6.2,651.1,13.1,26,Poor,Poor,Poor,Poor,High
6.8,213.3,0.5,0,Moderate,Good,Good,Good,Low
6.5,335.4,1.3,2,Moderate,Moderate,Moderate,Moderate,Medium
8.1,284.3,3.5,1,Moderate,Moderate,Moderate,Moderate,Medium
7.9,200.6,0.6,0,Moderate,Good,Good,Good,Low
7.9,318.7,3.7,2,Moderate,Moderate,Moderate,Moderate,Medium
7.6,260.7,1.6,0,Good,Good,Moderate,Good,Low
7.2,168.0,0.2,0,Good,Moderate,Good,Good,Low
7.5,63.2,9.1,17,Good,Poor,Poor,Poor,High
8.4,283.4,1.9,3,Moderate,Moderate,Moderate,Moderate,Medium
7.2,204.5,0.4,4,Good,Good,Good,Moderate,Low
7.3,223.5,2.1,0,Good,Good,Moderate,Good,Low
5.2,650.1,9.3,28,Poor,Poor,Poor,Poor,High
6.6,288.5,2.1,3,Moderate,Moderate,Moderate,Moderate,Medium
6.7,343.4,5.6,16,Moderate,Moderate,Poor,Poor,High
7.7,245.7,0.6,4,Good,Good,Good,Moderate,Low
7.4,303.5,2.4,5,Good,Moderate,Moderate,Moderate,Medium
7.9,320.3,1.5,0,Moderate,Moderate,Moderate,Good,Medium
7.4,264.1,0.5,0,Good,Good,Good,Good,Low
7.6,216.6,2.5,0,Good,Good,Moderate,Good,Low
8.3,204.2,0.7,0,Moderate,Good,Good,Good,Low
7.1,223.9,0.5,3,Good,Good,Good,Moderate,Low
7.1,315.5,0.3,0,Good,Moderate,Good,Good,Low
7.1,624.3,7.4,14,Good,Poor,Poor,Poor,High
6.3,508.6,8.8,18,Poor,Poor,Poor,Poor,High
6.6,223.4,3.1,3,Moderate,Good,Moderate,Moderate,Medium
6.6,327.2,0.4,5,Moderate,Moderate,Good,Moderate,Medium
7.4,258.3,0.2,3,Good,Good,Good,Moderate,Low
7.4,210.4,14.8,27,Good,Good,Poor,Poor,High
6.9,208.4,0.1,0,Moderate,Good,Good,Good,Low
7.2,342.4,4.4,3,Good,Moderate,Moderate,Moderate,Medium
8.5,753.0,9.1,24,Moderate,Poor,Poor,Poor,High
7.7,256.8,0.2,0,Good,Good,Good,Good,Low
7.6,298.9,2.1,27,Good,Moderate,Moderate,Poor,High
7.2,351.8,3.7,26,Good,Poor,Moderate,Poor,High
7.2,217.1,0.5,3,Good,Good,Good,Moderate,Low
9.5,59.8,5.4,13,Poor,Poor,Poor,Poor,High
6.9,630.7,12.8,20,Moderate,Poor,Poor,Poor,High
6.4,144.7,10.6,2,Poor,Poor,Poor,Moderate,High
7.4,233.7,0.1,5,Good,Good,Good,Moderate,Low
7.5,177.8,2.0,1,Good,Moderate,Moderate,Moderate,Medium
7.1,783.9,13.4,16,Good,Poor,Poor,Poor,High
7.6,308.1,1.6,0,Good,Moderate,Moderate,Good,Medium
7.5,231.9,2.5,9,Good,Good,Moderate,Poor,High
7.1,248.2,0.4,3,Good,Good,Good,Moderate,Low
5.8,586.6,5.3,8,Poor,Poor,Poor,Poor,High
